suj,congr,item,side,aff-ness,RT,liking
1,valid,G,R,aff,153809.7,4
1,valid,G,R,aff,221712.4,3
1,valid,G,L,aff,48139.7,1
1,valid,G,L,aff,179785.2,3
1,valid,K,R,aff,40859.8,8
1,valid,K,R,aff,212632.6,6
1,valid,K,R,aff,238776.1,6
1,valid,K,L,aff,64699.4,6
1,valid,G,R,non-aff,171297.4,2
1,valid,G,L,non-aff,72331.2,2
1,valid,G,L,non-aff,254143.8,1
1,valid,G,L,non-aff,311046.8,1
1,valid,K,R,non-aff,90658.9,5
1,valid,K,R,non-aff,162057.6,2
1,valid,K,L,non-aff,30732,7
1,valid,K,L,non-aff,204728.8,7
1,valid,K,L,non-aff,286663.2,5
1,invalid,G,R,aff,230264.3,5
1,invalid,G,L,aff,108450.6,2
1,invalid,G,L,aff,187561.1,2
1,invalid,G,L,aff,269783.5,2
1,invalid,K,R,aff,134578.1,6
1,invalid,K,R,aff,143729.9,7
1,invalid,K,R,aff,261823.7,5
1,invalid,K,L,aff,294823.1,4
1,invalid,G,R,non-aff,80899.1,2
1,invalid,G,R,non-aff,100162.7,2
1,invalid,G,R,non-aff,124658.3,3
1,invalid,G,L,non-aff,247088,3
1,invalid,K,R,non-aff,279111.3,7
1,invalid,K,L,non-aff,10708.4,7
1,invalid,K,L,non-aff,116658.4,6
1,invalid,K,L,non-aff,196016.9,5
1,invalid,K,L,non-aff,302294.9,1
1,valid,S,R,aff,59275.5,6
1,valid,S,R,aff,152473.7,4
1,valid,S,R,aff,187025.1,3
1,valid,S,L,aff,284383.3,5
1,valid,L,R,aff,104138.6,6
1,valid,L,R,aff,275255.4,5
1,valid,L,L,aff,10988.4,4
1,valid,L,L,aff,26788.1,3
1,valid,S,R,non-aff,170593.4,5
1,valid,S,L,non-aff,50395.7,1
1,valid,S,L,non-aff,122058.3,3
1,valid,S,L,non-aff,137018,3
1,valid,S,L,non-aff,161537.6,7
1,valid,L,R,non-aff,34659.9,2
1,valid,L,R,non-aff,78075.1,5
1,valid,L,R,non-aff,145041.9,4
1,valid,L,L,non-aff,259135.7,2
1,valid,L,L,non-aff,300118.9,2
1,invalid,S,R,aff,67747.3,3
1,invalid,S,L,aff,44051.8,4
1,invalid,S,L,aff,219760.5,5
1,invalid,S,L,aff,235088.2,3
1,invalid,L,R,aff,113858.5,7
1,invalid,L,R,aff,250767.9,5
1,invalid,L,L,aff,195128.9,3
1,invalid,L,L,aff,211336.6,2
1,invalid,S,R,non-aff,130018.1,2
1,invalid,S,R,non-aff,178513.2,5
1,invalid,S,R,non-aff,266239.6,1
1,invalid,S,R,non-aff,292159.1,1
1,invalid,S,L,non-aff,203392.8,4
1,invalid,L,R,non-aff,93642.8,4
1,invalid,L,L,non-aff,19212.2,2
1,invalid,L,L,non-aff,85787,2
1,invalid,L,L,non-aff,242480,4
2,valid,G,R,aff,104210.5,6
2,valid,G,R,aff,171313.2,5
2,valid,G,L,aff,81266.9,5
2,valid,G,L,aff,208872.5,4
2,valid,K,R,aff,43187.6,7
2,valid,K,R,aff,192808.8,1
2,valid,K,R,aff,201016.6,4
2,valid,K,R,aff,230816.1,4
2,valid,G,R,non-aff,51251.5,5
2,valid,G,R,non-aff,185912.9,5
2,valid,G,L,non-aff,126746,5
2,valid,G,L,non-aff,216552.4,2
2,valid,G,L,non-aff,259943.6,4
2,valid,K,R,non-aff,238432,6
2,valid,K,L,non-aff,17388.1,7
2,valid,K,L,non-aff,111330.3,4
2,valid,K,L,non-aff,223896.2,5
2,valid,K,L,non-aff,252167.7,2
2,invalid,G,R,aff,156905.5,5
2,invalid,G,R,aff,178993.1,6
2,invalid,G,L,aff,133705.9,4
2,invalid,G,L,aff,274767.3,4
2,invalid,K,R,aff,9348.3,5
2,invalid,K,R,aff,163481.4,1
2,invalid,K,L,aff,66507.2,8
2,invalid,K,L,aff,148353.6,4
2,invalid,G,R,non-aff,24332,3
2,invalid,G,R,non-aff,88266.8,5
2,invalid,G,R,non-aff,266863.4,5
2,invalid,G,L,non-aff,96162.6,6
2,invalid,K,R,non-aff,73851,7
2,invalid,K,R,non-aff,245167.8,5
2,invalid,K,L,non-aff,58723.3,4
2,invalid,K,L,non-aff,119370.2,7
2,invalid,K,L,non-aff,141417.8,2
2,valid,S,R,aff,57219.3,2
2,valid,S,L,aff,41779.6,7
2,valid,S,L,aff,99586.5,3
2,valid,S,L,aff,201048.7,2
2,valid,L,R,aff,113962.3,4
2,valid,L,L,aff,92282.7,2
2,valid,L,L,aff,152297.6,7
2,valid,L,L,aff,194512.8,4
2,valid,S,R,non-aff,10060.2,5
2,valid,S,R,non-aff,106690.4,3
2,valid,S,R,non-aff,179673,5
2,valid,S,L,non-aff,63955.2,1
2,valid,S,L,non-aff,127778,7
2,valid,L,R,non-aff,26411.9,9
2,valid,L,R,non-aff,173225.2,5
2,valid,L,R,non-aff,186920.9,6
2,valid,L,R,non-aff,223008.2,4
2,valid,L,L,non-aff,18388.1,3
2,invalid,S,R,aff,120306.2,1
2,invalid,S,R,aff,158977.4,2
2,invalid,S,L,aff,33779.8,3
2,invalid,S,L,aff,230752.1,8
2,invalid,L,R,aff,237672,7
2,invalid,L,R,aff,252983.7,4
2,invalid,L,L,aff,70955.1,5
2,invalid,L,L,aff,165937.3,4
2,invalid,S,R,non-aff,85666.8,1
2,invalid,S,R,non-aff,144153.7,8
2,invalid,S,R,non-aff,244183.8,5
2,invalid,S,L,non-aff,208336.5,7
2,invalid,S,L,non-aff,259847.5,3
2,invalid,L,R,non-aff,79322.9,6
2,invalid,L,R,non-aff,267319.4,6
2,invalid,L,L,non-aff,50627.5,9
2,invalid,L,L,non-aff,136105.8,4
2,invalid,L,L,non-aff,215256.4,4
3,valid,G,R,aff,38203.1,3
3,valid,G,L,aff,56539,4
3,valid,G,L,aff,173066.1,2
3,valid,G,L,aff,190354,3
3,valid,K,R,aff,224625.7,8
3,valid,K,R,aff,233881.6,7
3,valid,K,L,aff,19931.3,8
3,valid,K,L,aff,115170.5,7
3,valid,G,R,non-aff,215313.8,3
3,valid,G,R,non-aff,298601.1,3
3,valid,G,L,non-aff,241921.6,2
3,valid,G,L,non-aff,291289.2,7
3,valid,K,R,non-aff,156386.2,8
3,valid,K,R,non-aff,207825.8,6
3,valid,K,R,non-aff,259521.5,6
3,valid,K,L,non-aff,30099.2,7
3,valid,K,L,non-aff,82570.8,8
3,invalid,G,R,aff,89634.7,2
3,invalid,G,L,aff,136842.4,2
3,invalid,G,L,aff,147010.3,6
3,invalid,G,L,aff,197169.9,2
3,invalid,K,R,aff,106986.6,9
3,invalid,K,R,aff,268529.4,8
3,invalid,K,L,aff,66362.9,7
3,invalid,K,L,aff,307625.1,8
3,invalid,G,R,non-aff,165594.1,6
3,invalid,G,R,non-aff,250433.5,7
3,invalid,G,R,non-aff,282161.3,2
3,invalid,K,R,non-aff,48395,8
3,invalid,K,L,non-aff,10339.3,6
3,invalid,K,L,non-aff,130130.4,6
3,valid,S,L,aff,137866.3,8
3,valid,S,L,aff,173994.1,1
3,valid,S,L,aff,234921.6,1
3,valid,S,L,aff,282857.3,1
3,valid,L,R,aff,243601.6,7
3,valid,L,R,aff,251417.5,7
3,valid,L,L,aff,82786.8,9
3,valid,L,L,aff,228105.7,6
3,valid,S,R,non-aff,24395.2,2
3,valid,S,R,non-aff,119698.5,2
3,valid,S,R,non-aff,167770.1,2
3,valid,S,L,non-aff,195689.9,2
3,valid,L,R,non-aff,103834.6,4
3,valid,L,R,non-aff,203633.9,7
3,valid,L,R,non-aff,258017.5,2
3,valid,L,L,non-aff,182466,6
3,valid,L,L,non-aff,219633.8,8
3,invalid,S,R,aff,40235.1,4
3,invalid,S,R,aff,96730.7,2
3,invalid,S,L,aff,189098,1
3,invalid,L,R,aff,10091.3,9
3,invalid,L,R,aff,66370.9,6
3,invalid,L,R,aff,112882.5,7
3,invalid,L,R,aff,127474.4,7
3,invalid,S,R,non-aff,145890.3,2
3,invalid,S,R,non-aff,212201.8,2
3,invalid,S,R,non-aff,275737.3,3
3,invalid,S,L,non-aff,154034.2,2
3,invalid,S,L,non-aff,161010.2,1
3,invalid,L,L,non-aff,17379.3,2
3,invalid,L,L,non-aff,31947.1,4
3,invalid,L,L,non-aff,51203,7
3,invalid,L,L,non-aff,73906.8,3
3,invalid,L,L,non-aff,90074.7,4
4,valid,G,R,aff,65267.9,8
4,valid,G,R,aff,118675.6,2
4,valid,G,L,aff,132387.4,2
4,valid,G,L,aff,245930.6,2
4,valid,K,R,aff,33500.2,2
4,valid,K,R,aff,49852.1,5
4,valid,K,R,aff,252394.5,2
4,valid,K,L,aff,146387.3,2
4,valid,G,R,non-aff,206146.9,8
4,valid,G,R,non-aff,278994.3,2
4,valid,G,L,non-aff,57180,2
4,valid,G,L,non-aff,213858.8,2
4,valid,G,L,non-aff,258906.5,2
4,valid,K,R,non-aff,73579.9,7
4,valid,K,R,non-aff,111811.6,8
4,valid,K,L,non-aff,170459.2,7
4,valid,K,L,non-aff,221474.8,7
4,valid,K,L,non-aff,237642.7,2
4,invalid,G,R,aff,11476.3,8
4,invalid,G,R,aff,18764.3,2
4,invalid,G,L,aff,88339.8,2
4,invalid,G,L,aff,139515.4,2
4,invalid,K,R,aff,81475.8,8
4,invalid,K,R,aff,103955.6,2
4,invalid,K,L,aff,197099,2
4,invalid,K,L,aff,271914.4,2
4,invalid,G,R,non-aff,25988.2,2
4,invalid,G,R,non-aff,96707.7,8
4,invalid,G,R,non-aff,178299.1,7
4,invalid,G,L,non-aff,154579.3,7
4,invalid,G,L,non-aff,265298.4,2
4,invalid,K,R,non-aff,162883.2,2
4,invalid,K,R,non-aff,185731,7
4,invalid,K,L,non-aff,40868.1,2
4,invalid,K,L,non-aff,125507.5,2
4,invalid,K,L,non-aff,230698.7,2
4,valid,S,R,aff,126691.5,7
4,valid,S,R,aff,186755,7
4,valid,S,L,aff,58220,4
4,valid,S,L,aff,230186.7,2
4,valid,L,R,aff,75715.9,3
4,valid,L,R,aff,101923.7,3
4,valid,L,L,aff,39604.1,8
4,valid,L,L,aff,48460.1,3
4,valid,S,R,non-aff,109787.6,3
4,valid,S,R,non-aff,170379.1,3
4,valid,S,L,non-aff,153659.3,6
4,valid,S,L,non-aff,253234.5,2
4,valid,S,L,non-aff,281690.3,2
4,valid,L,R,non-aff,94187.7,7
4,valid,L,R,non-aff,178483.1,3
4,valid,L,R,non-aff,201402.9,2
4,valid,L,L,non-aff,30172.2,6
4,valid,L,L,non-aff,162723.2,7
4,invalid,S,R,aff,144875.3,4
4,invalid,S,R,aff,288506.3,2
4,invalid,S,L,aff,84779.8,7
4,invalid,S,L,aff,117523.5,3
4,invalid,L,R,aff,268114.4,8
4,invalid,L,L,aff,194019,2
4,invalid,L,L,aff,208674.8,2
4,invalid,L,L,aff,260378.5,2
4,invalid,S,R,non-aff,11740.3,6
4,invalid,S,R,non-aff,136755.4,3
4,invalid,S,R,non-aff,238778.6,7
4,invalid,S,L,non-aff,223058.8,2
4,invalid,S,L,non-aff,246578.6,7
4,invalid,L,R,non-aff,20780.3,4
4,invalid,L,R,non-aff,274706.4,2
4,invalid,L,R,non-aff,295362.2,2
4,invalid,L,L,non-aff,66403.9,4
4,invalid,L,L,non-aff,215818.8,3
5,valid,G,R,aff,92120,4
5,valid,G,R,aff,118183.6,6
5,valid,G,L,aff,160150.9,5
5,valid,K,R,aff,109879.7,4
5,valid,K,R,aff,126495.4,4
5,valid,K,R,aff,229413.9,6
5,valid,K,L,aff,317020.6,6
5,valid,G,R,non-aff,208406.2,4
5,valid,G,R,non-aff,283893.1,4
5,valid,G,L,non-aff,100647.8,3
5,valid,G,L,non-aff,189502.5,6
5,valid,K,R,non-aff,133431.3,5
5,valid,K,R,non-aff,171190.8,4
5,valid,K,L,non-aff,83344.1,7
5,valid,K,L,non-aff,198326.4,8
5,valid,K,L,non-aff,276317.2,6
5,invalid,G,R,aff,42168.7,5
5,invalid,G,R,aff,75320.2,3
5,invalid,G,L,aff,248861.6,7
5,invalid,G,L,aff,267277.3,5
5,invalid,K,R,aff,49784.6,5
5,invalid,K,R,aff,217326.1,4
5,invalid,K,L,aff,66872.3,4
5,invalid,K,L,aff,180686.6,4
5,invalid,G,R,non-aff,16753.1,4
5,invalid,G,R,non-aff,142927.2,3
5,invalid,G,R,non-aff,152127.1,3
5,invalid,G,L,non-aff,8705.2,3
5,invalid,G,L,non-aff,33120.9,1
5,invalid,K,R,non-aff,58336.5,5
5,invalid,K,R,non-aff,257421.5,6
5,invalid,K,L,non-aff,24529,6
5,invalid,K,L,non-aff,239821.7,4
5,invalid,K,L,non-aff,291892.9,7
5,valid,S,R,aff,18033.1,6
5,valid,S,R,aff,81128.1,4
5,valid,S,L,aff,112439.7,8
5,valid,S,L,aff,223990,4
5,valid,L,R,aff,169654.8,5
5,valid,L,R,aff,273493.3,5
5,valid,L,L,aff,201462.3,6
5,valid,S,R,non-aff,32992.9,5
5,valid,S,R,non-aff,289541,8
5,valid,S,L,non-aff,152039.1,4
5,valid,S,L,non-aff,216934.1,7
5,valid,S,L,non-aff,231869.9,6
5,valid,L,R,non-aff,25137,4
5,valid,L,R,non-aff,66328.4,4
5,valid,L,R,non-aff,73592.3,6
5,valid,L,L,non-aff,57224.5,4
5,valid,L,L,non-aff,122711.5,6
5,invalid,S,R,aff,208766.2,5
5,invalid,S,R,aff,280677.2,6
5,invalid,S,L,aff,162326.9,4
5,invalid,S,L,aff,240629.8,6
5,invalid,L,R,aff,265125.4,4
5,invalid,L,L,aff,88392,4
5,invalid,L,L,aff,96167.9,3
5,invalid,L,L,aff,256613.5,4
5,invalid,S,R,non-aff,10297.2,3
5,invalid,S,R,non-aff,41072.7,4
5,invalid,S,R,non-aff,186230.6,6
5,invalid,S,L,non-aff,104391.8,7
5,invalid,S,L,non-aff,145119.2,7
5,invalid,L,R,non-aff,137263.3,6
5,invalid,L,R,non-aff,193582.4,7
5,invalid,L,R,non-aff,249181.6,5
5,invalid,L,L,non-aff,48400.6,6
5,invalid,L,L,non-aff,129711.4,5
6,valid,G,R,aff,134234.5,1
6,valid,G,R,aff,246248.8,2
6,valid,G,R,aff,252008.7,1
6,valid,G,L,aff,15980.2,1
6,valid,K,R,aff,107194.8,5
6,valid,K,R,aff,157530.1,9
6,valid,K,L,aff,92947.1,3
6,valid,G,R,non-aff,192833.6,3
6,valid,G,L,non-aff,30964,9
6,valid,G,L,non-aff,165346,1
6,valid,G,L,non-aff,185689.7,1
6,valid,G,L,non-aff,219001.2,3
6,valid,K,R,non-aff,149978.2,3
6,valid,K,R,non-aff,233352.9,4
6,valid,K,L,non-aff,78619.3,3
6,valid,K,L,non-aff,142138.3,9
6,valid,K,L,non-aff,225617.1,4
6,invalid,G,R,aff,61755.5,1
6,invalid,G,R,aff,85963.2,2
6,invalid,G,R,aff,171505.9,1
6,invalid,G,L,aff,212841.3,3
6,invalid,K,R,aff,39307.9,5
6,invalid,K,R,aff,240192.8,4
6,invalid,K,L,aff,178921.8,9
6,invalid,G,R,non-aff,9676.3,9
6,invalid,G,R,non-aff,100395,4
6,invalid,G,L,non-aff,69067.4,2
6,invalid,G,L,non-aff,127010.6,5
6,invalid,G,L,non-aff,206185.3,2
6,invalid,K,R,non-aff,259600.6,9
6,invalid,K,L,non-aff,55675.6,5
6,invalid,K,L,non-aff,113578.8,3
6,invalid,K,L,non-aff,119762.7,3
6,invalid,K,L,non-aff,199657.5,4
6,valid,S,R,aff,229137,5
6,valid,S,L,aff,68531.4,7
6,valid,S,L,aff,75203.3,1
6,valid,S,L,aff,211745.3,1
6,valid,L,R,aff,57115.6,1
6,valid,L,R,aff,97283,4
6,valid,L,L,aff,49667.7,3
6,valid,L,L,aff,89347.1,1
6,valid,S,R,non-aff,138690.4,1
6,valid,S,R,non-aff,187681.6,9
6,valid,S,R,non-aff,272792.3,2
6,valid,S,L,non-aff,41891.9,1
6,valid,S,L,non-aff,155082.1,5
6,valid,L,R,non-aff,17316.2,2
6,valid,L,R,non-aff,34667.9,3
6,valid,L,R,non-aff,219649.2,3
6,valid,L,L,non-aff,117674.7,1
6,invalid,S,R,aff,104058.9,3
6,invalid,S,R,aff,146546.3,1
6,invalid,S,R,aff,178345.8,5
6,invalid,S,L,aff,244592.8,3
6,invalid,L,R,aff,237632.9,3
6,invalid,L,R,aff,259544.6,3
6,invalid,L,L,aff,162690,3
6,invalid,L,L,aff,265728.5,1
6,invalid,S,R,non-aff,170265.9,5
6,invalid,S,R,non-aff,204849.4,9
6,invalid,S,L,non-aff,82363.3,1
6,invalid,S,L,non-aff,110546.8,1
6,invalid,S,L,non-aff,279816.3,1
6,invalid,L,R,non-aff,9292.3,2
6,invalid,L,R,non-aff,132242.5,1
6,invalid,L,L,non-aff,27260.1,7
6,invalid,L,L,non-aff,124674.6,3
6,invalid,L,L,non-aff,196049.5,2
7,valid,G,R,aff,37067.9,5
7,valid,G,L,aff,28148,6
7,valid,G,L,aff,120186.6,2
7,valid,K,R,aff,173097.8,9
7,valid,K,R,aff,231304.9,7
7,valid,K,R,aff,256816.6,8
7,valid,K,L,aff,163969.9,8
7,valid,G,R,non-aff,179585.7,2
7,valid,G,L,non-aff,187137.6,4
7,valid,G,L,non-aff,277280.3,6
7,valid,K,R,non-aff,11612.3,9
7,valid,K,R,non-aff,63683.5,7
7,valid,K,L,non-aff,72811.3,9
7,valid,K,L,non-aff,96283,7
7,valid,K,L,non-aff,247632.7,5
7,invalid,G,R,aff,146458.2,2
7,invalid,G,L,aff,284424.1,2
7,invalid,G,L,aff,292792,4
7,invalid,G,L,aff,313303.7,2
7,invalid,K,R,aff,197857.4,6
7,invalid,K,R,aff,206881.3,6
7,invalid,K,R,aff,215785.2,9
7,invalid,K,L,aff,104162.9,8
7,invalid,G,R,non-aff,19468.1,4
7,invalid,G,R,non-aff,45003.8,2
7,invalid,G,R,non-aff,222873.1,1
7,invalid,G,L,non-aff,112682.7,6
7,invalid,K,R,non-aff,55011.6,9
7,invalid,K,L,non-aff,129274.5,5
7,invalid,K,L,non-aff,138946.3,7
7,invalid,K,L,non-aff,155538.1,4
7,invalid,K,L,non-aff,266392.4,8
7,valid,S,R,aff,93563,5
7,valid,S,R,aff,197273.5,6
7,valid,S,R,aff,238608.9,8
7,valid,S,L,aff,213129.2,5
7,valid,L,R,aff,84931.2,3
7,valid,L,R,aff,101938.9,9
7,valid,L,L,aff,119266.7,4
7,valid,L,L,aff,254536.6,5
7,valid,S,R,non-aff,229385,2
7,valid,S,L,non-aff,27836,4
7,valid,S,L,non-aff,61723.5,9
7,valid,S,L,non-aff,76235.3,1
7,valid,S,L,non-aff,301719.9,1
7,valid,L,R,non-aff,146746.3,7
7,valid,L,R,non-aff,162978,7
7,valid,L,L,non-aff,19548.2,9
7,valid,L,L,non-aff,188369.6,3
7,invalid,S,R,aff,9996.3,6
7,invalid,S,L,aff,37331.9,4
7,invalid,S,L,aff,155218.1,5
7,invalid,S,L,aff,246264.7,8
7,invalid,L,R,aff,136826.4,9
7,invalid,L,R,aff,204921.4,4
7,invalid,L,L,aff,52859.6,5
7,invalid,L,L,aff,287232.1,6
7,invalid,S,R,non-aff,44387.8,1
7,invalid,S,R,non-aff,69827.4,3
7,invalid,S,R,non-aff,278616.3,1
7,invalid,S,R,non-aff,294088,2
7,invalid,S,L,non-aff,110474.8,9
7,invalid,L,R,non-aff,170513.9,4
7,invalid,L,R,non-aff,221193.1,9
7,invalid,L,L,non-aff,179881.8,3
7,invalid,L,L,non-aff,262616.5,2
7,invalid,L,L,non-aff,271144.3,6
8,valid,G,R,aff,30780.1,6
8,valid,G,R,aff,274329.3,7
8,valid,G,L,aff,113907.1,5
8,valid,G,L,aff,244561.6,6
8,valid,K,R,aff,81827.5,1
8,valid,K,R,aff,151138.7,4
8,valid,K,R,aff,176242.4,8
8,valid,K,R,aff,191226.3,7
8,valid,G,R,non-aff,57395.8,7
8,valid,G,R,non-aff,93419.4,5
8,valid,G,L,non-aff,40044,7
8,valid,G,L,non-aff,121627,6
8,valid,G,L,non-aff,182898.4,1
8,valid,K,R,non-aff,106171.2,4
8,valid,K,L,non-aff,49019.9,5
8,valid,K,L,non-aff,255281.5,7
8,valid,K,L,non-aff,263505.4,5
8,valid,K,L,non-aff,295169.1,5
8,invalid,G,R,aff,214986,5
8,invalid,G,R,aff,236137.7,6
8,invalid,G,L,aff,130115,5
8,invalid,G,L,aff,303393,7
8,invalid,K,R,aff,166914.6,1
8,invalid,K,R,aff,199026.2,7
8,invalid,K,L,aff,283369.2,8
8,invalid,K,L,aff,320560.8,3
8,invalid,G,R,non-aff,159466.6,6
8,invalid,G,R,non-aff,223641.9,4
8,invalid,G,R,non-aff,312784.9,6
8,invalid,G,L,non-aff,12268.3,7
8,invalid,G,L,non-aff,74867.6,1
8,invalid,K,R,non-aff,67499.7,7
8,invalid,K,R,non-aff,329136.7,4
8,invalid,K,L,non-aff,22020.2,4
8,invalid,K,L,non-aff,206946.1,6
8,valid,S,R,aff,57003.8,4
8,valid,S,L,aff,75315.6,4
8,valid,S,L,aff,162634.6,2
8,valid,S,L,aff,230057.8,3
8,valid,L,R,aff,195882.2,6
8,valid,L,L,aff,171290.5,7
8,valid,L,L,aff,211058.1,7
8,valid,L,L,aff,278305.3,5
8,valid,S,R,non-aff,111403.2,4
8,valid,S,R,non-aff,186738.3,5
8,valid,S,R,non-aff,221361.9,2
8,valid,S,L,non-aff,18364.2,3
8,valid,S,L,non-aff,306553,1
8,valid,L,R,non-aff,29388.1,2
8,valid,L,R,non-aff,67043.7,4
8,valid,L,R,non-aff,93475.4,6
8,valid,L,R,non-aff,154082.7,6
8,valid,L,L,non-aff,10388.3,6
8,invalid,S,R,aff,144570.8,2
8,invalid,S,R,aff,261225.5,3
8,invalid,S,L,aff,48027.9,3
8,invalid,S,L,aff,85395.5,3
8,invalid,L,R,aff,119443.1,7
8,invalid,L,R,aff,138322.9,7
8,invalid,L,L,aff,38204,5
8,invalid,L,L,aff,203706.1,6
8,invalid,S,R,non-aff,238137.8,1
8,invalid,S,R,non-aff,253585.6,2
8,invalid,S,R,non-aff,268137.4,2
8,invalid,S,L,non-aff,179658.4,5
8,invalid,S,L,non-aff,316272.8,1
8,invalid,L,R,non-aff,103211.3,5
8,invalid,L,R,non-aff,127611,5
8,invalid,L,L,non-aff,245977.7,6
8,invalid,L,L,non-aff,289249.2,5
8,invalid,L,L,non-aff,299025.1,7
9,valid,G,R,aff,66875.7,6
9,valid,G,L,aff,133154.9,4
9,valid,G,L,aff,149698.8,7
9,valid,G,L,aff,190034.3,5
9,valid,K,R,aff,222177.9,4
9,valid,K,L,aff,197626.2,6
9,valid,K,L,aff,268353.4,6
9,valid,G,R,non-aff,34660.1,5
9,valid,G,R,non-aff,100795.3,5
9,valid,G,R,non-aff,253697.6,6
9,valid,G,L,non-aff,141018.8,6
9,valid,G,L,non-aff,158186.6,4
9,valid,K,R,non-aff,76115.6,4
9,valid,K,R,non-aff,206258.1,2
9,valid,K,R,non-aff,261329.5,5
9,valid,K,L,non-aff,245873.7,5
9,valid,K,L,non-aff,291665.1,5
9,invalid,G,R,aff,182866.4,5
9,invalid,G,L,aff,26756.1,3
9,invalid,G,L,aff,51355.9,6
9,invalid,G,L,aff,117523.1,7
9,invalid,K,R,aff,109003.2,7
9,invalid,K,R,aff,166394.6,6
9,invalid,K,L,aff,17980.2,5
9,invalid,G,R,non-aff,125771,6
9,invalid,G,R,non-aff,174618.5,5
9,invalid,G,R,non-aff,230425.8,5
9,invalid,G,L,non-aff,9676.3,4
9,invalid,K,R,non-aff,43699.9,4
9,invalid,K,R,non-aff,284497.2,5
9,invalid,K,L,non-aff,277273.3,2
9,valid,S,L,aff,9636.3,7
9,valid,S,L,aff,86579.5,7
9,valid,S,L,aff,102099.3,7
9,valid,S,L,aff,200370.1,8
9,valid,L,R,aff,193082.3,7
9,valid,L,R,aff,244929.7,7
9,valid,L,L,aff,56379.8,7
9,valid,L,L,aff,154202.7,6
9,valid,S,R,non-aff,40980,8
9,valid,S,R,non-aff,48539.9,8
9,valid,S,R,non-aff,215506,9
9,valid,S,R,non-aff,266753.4,8
9,valid,S,L,non-aff,71859.6,8
9,valid,L,R,non-aff,79355.5,6
9,valid,L,R,non-aff,109083.2,6
9,valid,L,R,non-aff,130731,7
9,valid,L,L,non-aff,17124.2,7
9,valid,L,L,non-aff,207698.1,7
9,invalid,S,R,aff,138914.9,8
9,invalid,S,R,aff,163562.6,8
9,invalid,S,L,aff,185466.3,5
9,invalid,S,L,aff,259177.5,8
9,invalid,L,R,aff,116411.1,7
9,invalid,L,R,aff,146322.8,7
9,invalid,L,R,aff,223097.9,7
9,invalid,L,R,aff,251977.6,7
9,invalid,S,R,non-aff,32356.1,7
9,invalid,S,R,non-aff,63691.7,8
9,invalid,S,R,non-aff,230537.8,9
9,invalid,S,L,non-aff,94427.4,8
9,invalid,S,L,non-aff,123379,7
9,invalid,L,L,non-aff,24396.1,7
9,invalid,L,L,non-aff,170482.5,6
9,invalid,L,L,non-aff,177322.4,6
9,invalid,L,L,non-aff,238153.7,7
9,invalid,L,L,non-aff,274089.3,6
10,valid,G,R,aff,39942.9,3
10,valid,G,R,aff,242483.1,4
10,valid,G,L,aff,105909.6,3
10,valid,G,L,aff,249674.9,4
10,valid,K,R,aff,62678.5,5
10,valid,K,R,aff,126581.3,5
10,valid,K,R,aff,257122.8,6
10,valid,K,L,aff,112725.5,4
10,valid,G,R,non-aff,221483.5,5
10,valid,G,R,non-aff,227467.4,2
10,valid,G,L,non-aff,132989.1,2
10,valid,G,L,non-aff,188180.1,4
10,valid,K,R,non-aff,17287.3,2
10,valid,K,R,non-aff,194932,3
10,valid,K,L,non-aff,47270.8,4
10,valid,K,L,non-aff,70006.3,5
10,valid,K,L,non-aff,201523.8,5
10,invalid,G,R,aff,84358.1,3
10,invalid,G,R,aff,146236.9,2
10,invalid,G,L,aff,99173.8,4
10,invalid,G,L,aff,139789,3
10,invalid,K,R,aff,91621.9,2
10,invalid,K,R,aff,174420.3,5
10,invalid,K,L,aff,153500.8,6
10,invalid,K,L,aff,181140.2,4
10,invalid,G,R,non-aff,10231.5,3
10,invalid,G,R,non-aff,77134.2,2
10,invalid,G,R,non-aff,119133.4,2
10,invalid,G,L,non-aff,54454.6,3
10,invalid,K,R,non-aff,167540.5,4
10,invalid,K,R,non-aff,233995.2,5
10,invalid,K,L,non-aff,24983.2,4
10,invalid,K,L,non-aff,207811.7,3
10,invalid,K,L,non-aff,214363.6,2
10,valid,S,R,aff,15279.4,1
10,valid,S,R,aff,106669.6,5
10,valid,S,L,aff,36814.9,3
10,valid,S,L,aff,237187.2,6
10,valid,L,R,aff,208715.7,6
10,valid,L,R,aff,252298.9,5
10,valid,L,L,aff,43718.8,5
10,valid,L,L,aff,93117.9,3
10,valid,S,R,non-aff,146436.9,5
10,valid,S,R,non-aff,180748.2,5
10,valid,S,L,non-aff,8527.5,2
10,valid,S,L,non-aff,99973.7,4
10,valid,S,L,non-aff,173700.3,4
10,valid,L,R,non-aff,50262.7,3
10,valid,L,R,non-aff,119453.4,4
10,valid,L,R,non-aff,166700.5,3
10,valid,L,L,non-aff,29999.1,4
10,valid,L,L,non-aff,201507.8,4
10,invalid,S,R,aff,64150.4,5
10,invalid,S,R,aff,132757.1,1
10,invalid,S,L,aff,71766.3,6
10,invalid,S,L,aff,216123.6,5
10,invalid,L,R,aff,86486,4
10,invalid,L,L,aff,56958.6,4
10,invalid,L,L,aff,153532.7,6
10,invalid,L,L,aff,188588.1,6
10,invalid,S,R,non-aff,22215.2,3
10,invalid,S,R,non-aff,79526.1,5
10,invalid,S,R,non-aff,222675.4,3
10,invalid,S,L,non-aff,160436.6,5
10,invalid,S,L,non-aff,244355,6
10,invalid,L,R,non-aff,126573.2,4
10,invalid,L,R,non-aff,139653,4
10,invalid,L,R,non-aff,229307.3,4
10,invalid,L,L,non-aff,112797.5,3
10,invalid,L,L,non-aff,195012,3
11,valid,G,R,aff,126537.6,6
11,valid,G,R,aff,198120,1
11,valid,G,L,aff,103834.1,5
11,valid,G,L,aff,212167.7,1
11,valid,K,R,aff,29331.8,9
11,valid,K,R,aff,69770.9,7
11,valid,K,R,aff,243055,8
11,valid,K,L,aff,250686.8,6
11,valid,G,R,non-aff,205671.8,6
11,valid,G,R,non-aff,281230.1,4
11,valid,G,L,non-aff,158336.9,3
11,valid,G,L,non-aff,227559.3,7
11,valid,K,R,non-aff,36987.6,5
11,valid,K,R,non-aff,191016.1,6
11,valid,K,L,non-aff,136513.4,9
11,valid,K,L,non-aff,175280.5,8
11,valid,K,L,non-aff,258078.6,6
11,invalid,G,R,aff,110898,4
11,invalid,G,R,aff,151417,2
11,invalid,G,L,aff,118409.8,2
11,invalid,G,L,aff,183488.3,6
11,invalid,K,R,aff,235047.2,7
11,invalid,K,R,aff,266374.4,9
11,invalid,K,L,aff,144433.2,6
11,invalid,G,R,non-aff,78018.7,6
11,invalid,G,R,non-aff,166496.7,3
11,invalid,G,R,non-aff,219759.5,6
11,invalid,G,L,non-aff,290397.9,6
11,invalid,K,R,non-aff,19284,8
11,invalid,K,R,non-aff,61683.1,7
11,invalid,K,L,non-aff,45147.4,5
11,invalid,K,L,non-aff,53315.2,6
11,invalid,K,L,non-aff,274438.3,7
11,valid,S,R,aff,23491.9,6
11,valid,S,R,aff,197680,8
11,valid,S,L,aff,31787.7,7
11,valid,S,L,aff,189960.1,7
11,valid,L,R,aff,91258.4,5
11,valid,L,R,aff,226263.3,5
11,valid,L,L,aff,15716.1,4
11,valid,L,L,aff,232351.2,4
11,valid,S,R,non-aff,168992.6,7
11,valid,S,R,non-aff,205175.8,7
11,valid,S,L,non-aff,77658.7,7
11,valid,S,L,non-aff,113689.9,7
11,valid,S,L,non-aff,219655.5,7
11,valid,L,R,non-aff,46563.4,4
11,valid,L,R,non-aff,127569.5,6
11,valid,L,R,non-aff,252206.8,1
11,valid,L,L,non-aff,120321.7,4
11,valid,L,L,non-aff,162056.8,4
11,invalid,S,R,aff,53875.2,7
11,invalid,S,R,aff,155600.9,8
11,invalid,S,L,aff,134593.4,7
11,invalid,S,L,aff,182920.3,6
11,invalid,L,R,aff,84722.5,5
11,invalid,L,L,aff,39995.5,4
11,invalid,L,L,aff,148441.1,4
11,invalid,L,L,aff,245982.9,5
11,invalid,S,R,non-aff,70266.8,7
11,invalid,S,R,non-aff,99274.2,7
11,invalid,S,R,non-aff,238967,6
11,invalid,S,L,non-aff,106626,8
11,invalid,S,L,non-aff,259806.6,7
11,invalid,L,R,non-aff,141841.2,7
11,invalid,L,R,non-aff,175448.5,4
11,invalid,L,L,non-aff,8548.2,1
11,invalid,L,L,non-aff,61307,4
12,valid,G,R,aff,90820.9,4
12,valid,G,R,aff,123900.5,9
12,valid,G,R,aff,202235.6,5
12,valid,G,L,aff,62093.2,4
12,valid,K,R,aff,12133.8,8
12,valid,K,R,aff,143132.3,4
12,valid,K,R,aff,275370.8,4
12,valid,K,L,aff,134420.4,5
12,valid,G,R,non-aff,349409.9,9
12,valid,G,L,non-aff,81085,5
12,valid,G,L,non-aff,184355.8,5
12,valid,G,L,non-aff,241659.2,4
12,valid,K,R,non-aff,263442.9,6
12,valid,K,R,non-aff,339362.1,7
12,valid,K,L,non-aff,32261.5,3
12,valid,K,L,non-aff,152380.2,5
12,valid,K,L,non-aff,367913.7,5
12,invalid,G,R,aff,112836.6,9
12,invalid,G,R,aff,174027.9,6
12,invalid,G,R,aff,193459.7,4
12,invalid,G,L,aff,21709.6,4
12,invalid,K,R,aff,220323.4,5
12,invalid,K,R,aff,306338.4,3
12,invalid,K,R,aff,357945.9,5
12,invalid,K,L,aff,42085.4,8
12,invalid,G,R,non-aff,51621.3,4
12,invalid,G,R,non-aff,328850.2,9
12,invalid,G,L,non-aff,102556.7,9
12,invalid,G,L,non-aff,253155,9
12,invalid,G,L,non-aff,317938.3,9
12,invalid,K,R,non-aff,231779.3,5
12,invalid,K,L,non-aff,71869.1,6
12,invalid,K,L,non-aff,162404.1,4
12,invalid,K,L,non-aff,211099.5,4
12,invalid,K,L,non-aff,287458.7,5
12,valid,S,R,aff,178531.9,5
12,valid,S,L,aff,197107.7,3
12,valid,S,L,aff,227011.3,4
12,valid,S,L,aff,255555,2
12,valid,L,R,aff,273522.8,5
12,valid,L,R,aff,333138.2,8
12,valid,L,L,aff,139324.3,5
12,valid,L,L,aff,265186.9,6
12,valid,S,R,non-aff,76637,8
12,valid,S,R,non-aff,89924.9,5
12,valid,S,R,non-aff,109660.7,4
12,valid,S,L,non-aff,64445.2,3
12,valid,S,L,non-aff,293690.6,1
12,valid,L,R,non-aff,119972.6,9
12,valid,L,R,non-aff,169180,5
12,valid,L,R,non-aff,343394,6
12,valid,L,L,non-aff,41373.4,5
12,valid,L,L,non-aff,160804.1,4
12,invalid,S,R,aff,11653.8,3
12,invalid,S,R,aff,31429.6,1
12,invalid,S,R,aff,188819.8,6
12,invalid,S,L,aff,301634.5,3
12,invalid,L,R,aff,23981.6,8
12,invalid,L,R,aff,285546.7,3
12,invalid,L,L,aff,55029.3,7
12,invalid,L,L,aff,322970.3,8
12,invalid,S,R,non-aff,130300.4,8
12,invalid,S,R,non-aff,359921.9,1
12,invalid,S,L,non-aff,207843.6,4
12,invalid,S,L,non-aff,246915.1,6
12,invalid,S,L,non-aff,352617.9,2
12,invalid,L,R,non-aff,312434.4,6
12,invalid,L,L,non-aff,149492.2,5
12,invalid,L,L,non-aff,217579.5,4
12,invalid,L,L,non-aff,236835.2,5
13,valid,G,R,aff,274202.8,2
13,valid,G,R,aff,299146.5,4
13,valid,G,L,aff,43437.4,7
13,valid,G,L,aff,160972.1,8
13,valid,G,L,aff,281978.7,2
13,valid,K,R,aff,200371.6,4
13,valid,K,R,aff,289058.6,4
13,valid,K,L,aff,228291.3,4
13,valid,K,L,aff,252563,3
13,valid,K,L,aff,260034.9,3
13,valid,G,R,non-aff,59421.2,7
13,valid,G,R,non-aff,208675.5,3
13,valid,G,L,non-aff,18101.7,6
13,valid,G,L,non-aff,51333.3,3
13,valid,K,R,non-aff,75357.1,1
13,valid,K,R,non-aff,108380.7,3
13,valid,K,R,non-aff,267506.9,8
13,valid,K,L,non-aff,244995.1,7
13,invalid,G,R,aff,67589.1,5
13,invalid,G,R,aff,100364.7,6
13,invalid,G,R,aff,116548.6,8
13,invalid,G,R,aff,184715.8,4
13,invalid,G,L,aff,177035.9,3
13,invalid,K,R,aff,192331.7,5
13,invalid,K,L,aff,125100.5,6
13,invalid,K,L,aff,134596.4,7
13,invalid,K,L,aff,169324,5
13,invalid,K,L,aff,236355.2,3
13,invalid,G,R,non-aff,9061.8,1
13,invalid,G,L,non-aff,26021.6,3
13,invalid,G,L,non-aff,152524.2,6
13,invalid,G,L,non-aff,219515.4,2
13,invalid,K,R,non-aff,34493.5,8
13,invalid,K,R,non-aff,92276.9,1
13,invalid,K,R,non-aff,143644.3,8
13,valid,S,R,aff,168444,2
13,valid,S,L,aff,88756.9,2
13,valid,S,L,aff,116276.6,3
13,valid,S,L,aff,201835.6,1
13,valid,S,L,aff,331882.2,3
13,valid,L,R,aff,160548.1,7
13,valid,L,R,aff,193611.7,7
13,valid,L,R,aff,316122.3,7
13,valid,L,L,aff,258419,7
13,valid,L,L,aff,307322.4,7
13,valid,S,R,non-aff,134076.4,3
13,valid,S,R,non-aff,227835.3,2
13,valid,L,R,non-aff,34165.5,7
13,valid,L,R,non-aff,324754.2,7
13,valid,L,L,non-aff,79453,6
13,valid,L,L,non-aff,291074.6,7
13,invalid,S,R,aff,12829.7,3
13,invalid,S,R,aff,176203.9,1
13,invalid,S,R,aff,184203.8,2
13,invalid,S,R,aff,298682.5,2
13,invalid,S,L,aff,68877.1,4
13,invalid,L,R,aff,107556.7,8
13,invalid,L,R,aff,151364.2,7
13,invalid,L,L,aff,24301.6,7
13,invalid,L,L,aff,125380.5,6
13,invalid,L,L,aff,270066.8,6
13,invalid,S,R,non-aff,43877.4,1
13,invalid,S,L,non-aff,219571.4,2
13,invalid,S,L,non-aff,245171.1,2
13,invalid,S,L,non-aff,339082.1,1
13,invalid,L,R,non-aff,57101.2,7
13,invalid,L,R,non-aff,97900.8,7
13,invalid,L,L,non-aff,210107.5,6
13,invalid,L,L,non-aff,237635.2,7
14,valid,G,R,aff,185184.7,5
14,valid,G,R,aff,254951.7,2
14,valid,G,L,aff,9275.4,3
14,valid,G,L,aff,124257.7,5
14,valid,G,L,aff,158217.1,2
14,valid,K,R,aff,205264.4,5
14,valid,K,L,aff,39274.9,2
14,valid,K,L,aff,117417.8,3
14,valid,K,L,aff,145241.4,1
14,valid,K,L,aff,198528.5,2
14,valid,G,R,non-aff,24395.2,6
14,valid,G,R,non-aff,233864,7
14,valid,G,L,non-aff,226880.1,7
14,valid,G,L,non-aff,248335.8,6
14,valid,K,R,non-aff,16395.3,2
14,valid,K,R,non-aff,60546.6,5
14,valid,K,R,non-aff,138505.4,4
14,valid,K,R,non-aff,164689.1,3
14,invalid,G,R,aff,82410.3,5
14,invalid,G,R,aff,96250.1,2
14,invalid,G,R,aff,110945.9,5
14,invalid,G,L,aff,74858.4,2
14,invalid,G,L,aff,241207.9,3
14,invalid,K,R,aff,171217,3
14,invalid,K,R,aff,219592.2,1
14,invalid,K,L,aff,46338.8,3
14,invalid,K,L,aff,53506.7,4
14,invalid,K,L,aff,177832.8,3
14,invalid,G,R,non-aff,32091.1,6
14,invalid,G,R,non-aff,131641.6,7
14,invalid,G,L,non-aff,89554.2,7
14,invalid,G,L,non-aff,103498,6
14,invalid,K,R,non-aff,151745.2,2
14,invalid,K,R,non-aff,191752.6,3
14,invalid,K,L,non-aff,67874.5,5
14,invalid,K,L,non-aff,211776.3,4
14,valid,S,R,aff,161129.1,7
14,valid,S,R,aff,219224.2,8
14,valid,S,R,aff,231792,4
14,valid,S,L,aff,121681.7,3
14,valid,S,L,aff,197624.6,3
14,valid,L,R,aff,8515.4,2
14,valid,L,R,aff,85714.2,5
14,valid,L,R,aff,253775.7,3
14,valid,L,R,aff,260943.6,5
14,valid,L,L,aff,29699.1,2
14,valid,S,R,non-aff,225592.1,2
14,valid,S,L,non-aff,64178.5,6
14,valid,S,L,non-aff,137425.5,9
14,valid,S,L,non-aff,153921.2,7
14,valid,L,R,non-aff,238711.9,2
14,valid,L,L,non-aff,37195,8
14,valid,L,L,non-aff,183664.8,2
14,valid,L,L,non-aff,190744.6,6
14,invalid,S,R,aff,15275.3,3
14,invalid,S,R,aff,146553.3,8
14,invalid,S,R,aff,246367.8,2
14,invalid,S,L,aff,23067.2,7
14,invalid,S,L,aff,107985.9,4
14,invalid,L,R,aff,49810.8,2
14,invalid,L,R,aff,78834.3,5
14,invalid,L,L,aff,56602.7,2
14,invalid,L,L,aff,71402.4,3
14,invalid,L,L,aff,100746,7
14,invalid,S,R,non-aff,115129.8,2
14,invalid,S,R,non-aff,168105,5
14,invalid,S,L,non-aff,175336.9,8
14,invalid,S,L,non-aff,204936.4,8
14,invalid,L,R,non-aff,129497.6,5
14,invalid,L,R,non-aff,211912.3,3
14,invalid,L,L,non-aff,43234.9,1
14,invalid,L,L,non-aff,93314.1,8
15,valid,G,R,aff,32731.1,1
15,valid,G,R,aff,231208.1,1
15,valid,G,L,aff,41138.9,2
15,valid,G,L,aff,117641.8,6
15,valid,K,R,aff,126273.6,5
15,valid,K,R,aff,217920.3,7
15,valid,K,R,aff,253231.7,5
15,valid,K,L,aff,239232,8
15,valid,G,R,non-aff,246351.8,2
15,valid,G,L,non-aff,132617.6,1
15,valid,G,L,non-aff,178160.9,1
15,valid,G,L,non-aff,201024.5,3
15,valid,K,R,non-aff,193368.6,7
15,valid,K,R,non-aff,209960.4,5
15,valid,K,L,non-aff,63282.6,8
15,valid,K,L,non-aff,185728.8,8
15,invalid,G,R,aff,47418.9,1
15,invalid,G,R,aff,55626.7,5
15,invalid,G,R,aff,87202.3,1
15,invalid,G,R,aff,110593.9,2
15,invalid,G,L,aff,260927.6,4
15,invalid,K,R,aff,18195.3,7
15,invalid,K,R,aff,149377.3,5
15,invalid,K,L,aff,72162.5,8
15,invalid,K,L,aff,225128.2,5
15,invalid,K,L,aff,267871.5,4
15,invalid,G,R,non-aff,157177.2,4
15,invalid,G,L,non-aff,24931.2,1
15,invalid,G,L,non-aff,171305,1
15,invalid,G,L,non-aff,274623.4,2
15,invalid,K,R,non-aff,9955.4,8
15,invalid,K,R,non-aff,164937.1,8
15,invalid,K,L,non-aff,80570.3,6
15,invalid,K,L,non-aff,95538.1,6
15,valid,S,R,aff,120601.7,9
15,valid,S,R,aff,228192.1,8
15,valid,S,R,aff,259519.7,3
15,valid,S,R,aff,282095.3,5
15,valid,S,L,aff,265871.6,2
15,valid,L,R,aff,143545.4,2
15,valid,L,R,aff,159769.2,3
15,valid,L,L,aff,243599.9,4
15,valid,L,L,aff,289487.2,4
15,valid,S,L,non-aff,71002.5,7
15,valid,S,L,non-aff,204720.5,1
15,valid,S,L,non-aff,220552.3,5
15,valid,S,L,non-aff,274031.4,4
15,valid,L,R,non-aff,21299.2,8
15,valid,L,R,non-aff,167057.1,3
15,valid,L,L,non-aff,36731,2
15,valid,L,L,non-aff,174408.9,6
15,invalid,S,R,aff,78434.4,2
15,invalid,S,R,aff,86658.3,3
15,invalid,S,R,aff,136521.5,5
15,invalid,S,L,aff,10275.4,7
15,invalid,S,L,aff,252055.8,4
15,invalid,L,L,aff,29507.1,2
15,invalid,L,L,aff,62202.6,4
15,invalid,L,L,aff,198128.6,5
15,invalid,L,L,aff,235808,4
15,invalid,S,R,non-aff,111369.9,1
15,invalid,S,R,non-aff,128825.6,5
15,invalid,S,L,non-aff,104106,7
15,invalid,S,L,non-aff,212840.4,4
15,invalid,L,R,non-aff,45690.9,6
15,invalid,L,R,non-aff,54346.8,2
15,invalid,L,R,non-aff,95842.1,3
15,invalid,L,R,non-aff,152425.3,7
16,valid,G,R,aff,25435.9,2
16,valid,G,R,aff,33491.8,3
16,valid,G,L,aff,117034.5,4
16,valid,G,L,aff,152914,5
16,valid,G,L,aff,256848.4,4
16,valid,K,R,aff,17780,5
16,valid,K,R,aff,264336.3,6
16,valid,K,L,aff,190881.4,4
16,valid,K,L,aff,206945.1,7
16,valid,K,L,aff,248624.5,7
16,valid,G,R,non-aff,96378.8,2
16,valid,G,R,non-aff,234944.7,3
16,valid,G,L,non-aff,145650.1,3
16,valid,G,L,non-aff,167121.8,3
16,valid,K,R,non-aff,50131.5,6
16,valid,K,R,non-aff,213905.1,6
16,valid,K,R,non-aff,272216.2,7
16,valid,K,L,non-aff,138794.2,5
16,invalid,G,R,aff,102906.7,2
16,invalid,G,R,aff,123930.4,3
16,invalid,G,R,aff,227904.8,3
16,invalid,G,L,aff,131466.3,4
16,invalid,G,L,aff,241520.6,4
16,invalid,K,R,aff,9436.1,6
16,invalid,K,R,aff,58355.4,7
16,invalid,K,L,aff,110378.6,5
16,invalid,K,L,aff,182657.5,6
16,invalid,K,L,aff,221009,4
16,invalid,G,R,non-aff,81251,2
16,invalid,G,R,non-aff,160001.8,3
16,invalid,G,L,non-aff,41499.6,4
16,invalid,G,L,non-aff,74091.1,3
16,invalid,K,R,non-aff,65763.3,7
16,invalid,K,R,non-aff,175345.6,6
16,invalid,K,L,non-aff,90074.9,6
16,invalid,K,L,non-aff,198161.3,4
16,valid,S,R,aff,24923.9,3
16,valid,S,R,aff,218505,4
16,valid,S,L,aff,59355.4,6
16,valid,S,L,aff,154266,4
16,valid,S,L,aff,225264.9,5
16,valid,L,R,aff,103218.7,4
16,valid,L,R,aff,231528.8,4
16,valid,L,R,aff,238472.7,6
16,valid,L,L,aff,45787.6,4
16,valid,L,L,aff,140346.1,6
16,valid,S,R,non-aff,9900.1,5
16,valid,S,R,non-aff,39171.7,3
16,valid,S,L,non-aff,52603.5,6
16,valid,S,L,non-aff,82971,5
16,valid,L,R,non-aff,89994.9,5
16,valid,L,R,non-aff,162313.8,7
16,valid,L,L,non-aff,67851.2,4
16,valid,L,L,non-aff,147410.1,6
16,invalid,S,R,aff,96506.8,3
16,invalid,S,R,aff,132978.3,6
16,invalid,S,R,aff,245104.6,6
16,invalid,S,L,aff,109954.6,4
16,invalid,S,L,aff,251880.5,5
16,invalid,L,R,aff,31987.8,4
16,invalid,L,R,aff,190561.4,4
16,invalid,L,R,aff,204217.2,6
16,invalid,L,L,aff,170049.7,3
16,invalid,L,L,aff,197481.3,5
16,invalid,S,R,non-aff,210857.1,6
16,invalid,S,R,non-aff,259904.4,5
16,invalid,S,L,non-aff,117082.5,4
16,invalid,S,L,non-aff,183297.5,6
16,invalid,L,R,non-aff,17292,6
16,invalid,L,L,non-aff,74891.1,4
16,invalid,L,L,non-aff,124466.4,6
16,invalid,L,L,non-aff,176481.6,5
17,valid,G,R,aff,11892.3,2
17,valid,G,R,aff,278617.3,3
17,valid,G,L,aff,189914.3,3
17,valid,G,L,aff,214466,3
17,valid,K,R,aff,237241.8,3
17,valid,K,L,aff,40244,5
17,valid,K,L,aff,143938.8,5
17,valid,K,L,aff,205098.1,5
17,valid,G,R,non-aff,129627,3
17,valid,G,R,non-aff,159978.6,3
17,valid,G,L,non-aff,89443.4,3
17,valid,G,L,non-aff,290961.2,3
17,valid,K,R,non-aff,262121.5,5
17,valid,K,R,non-aff,270897.4,3
17,valid,K,L,non-aff,221569.9,3
17,invalid,G,R,aff,32428.1,2
17,invalid,G,R,aff,47835.9,3
17,invalid,G,R,aff,72427.6,3
17,invalid,G,L,aff,122667.1,3
17,invalid,G,L,aff,175426.5,3
17,invalid,K,R,aff,97427.3,5
17,invalid,K,R,aff,228913.8,5
17,invalid,K,L,aff,80667.5,3
17,invalid,K,L,aff,152834.7,3
17,invalid,G,R,non-aff,182162.4,3
17,invalid,G,R,non-aff,254961.6,3
17,invalid,G,L,non-aff,64667.7,2
17,invalid,G,L,non-aff,167178.6,3
17,invalid,K,R,non-aff,113467.2,5
17,invalid,K,L,non-aff,105995.2,4
17,invalid,K,L,non-aff,136346.9,3
17,valid,S,R,aff,225041.9,4
17,valid,S,R,aff,257921.6,3
17,valid,S,L,aff,141178.8,5
17,valid,S,L,aff,188914.3,3
17,valid,S,L,aff,265201.4,3
17,valid,L,R,aff,97771.3,5
17,valid,L,R,aff,250593.6,5
17,valid,L,R,aff,273473.3,3
17,valid,L,L,aff,203082.2,3
17,valid,L,L,aff,291289.2,3
17,valid,S,R,non-aff,87891.5,3
17,valid,S,R,non-aff,171386.5,5
17,valid,S,L,non-aff,156914.7,3
17,valid,S,L,non-aff,243505.7,3
17,valid,L,R,non-aff,163834.6,3
17,valid,L,L,non-aff,149402.8,5
17,valid,L,L,non-aff,181530.4,3
17,invalid,S,R,aff,114771.2,3
17,invalid,S,R,aff,131387,5
17,invalid,S,R,aff,315448.9,3
17,invalid,S,L,aff,123523.1,3
17,invalid,S,L,aff,210650.1,3
17,invalid,L,R,aff,217426,3
17,invalid,L,R,aff,299121.1,5
17,invalid,L,R,aff,307761,5
17,invalid,L,L,aff,105875.3,3
17,invalid,L,L,aff,195754.2,3
17,invalid,S,R,non-aff,10796.4,1
17,invalid,S,R,non-aff,20492.2,5
17,invalid,L,R,non-aff,38228,3
17,invalid,L,L,non-aff,29308.1,3
17,invalid,L,L,non-aff,79363.6,3
18,valid,G,R,aff,137874.9,2
18,valid,G,L,aff,33900.1,3
18,valid,G,L,aff,144362.8,1
18,valid,G,L,aff,223089.9,7
18,valid,G,L,aff,245441.7,3
18,valid,K,R,aff,43372,5
18,valid,K,R,aff,70067.6,5
18,valid,K,L,aff,16732.2,6
18,valid,K,L,aff,95195.4,7
18,valid,K,L,aff,297737.1,8
18,valid,G,R,non-aff,51819.9,7
18,valid,G,R,non-aff,175946.5,3
18,valid,G,R,non-aff,272529.3,6
18,valid,G,L,non-aff,191922.3,5
18,valid,K,R,non-aff,121219.1,4
18,valid,K,R,non-aff,152226.7,6
18,valid,K,R,non-aff,200210.2,6
18,valid,K,L,non-aff,131690.9,8
18,invalid,G,R,aff,7996.4,1
18,invalid,G,R,aff,59923.8,6
18,invalid,G,L,aff,24228.2,4
18,invalid,G,L,aff,85603.5,2
18,invalid,G,L,aff,230417.8,4
18,invalid,K,R,aff,238689.8,8
18,invalid,K,L,aff,160226.6,5
18,invalid,K,L,aff,168082.5,6
18,invalid,K,L,aff,184226.4,4
18,invalid,K,L,aff,253849.6,6
18,invalid,G,R,non-aff,104955.3,4
18,invalid,G,R,non-aff,215234,3
18,invalid,G,R,non-aff,263361.4,7
18,invalid,G,L,non-aff,208298.1,8
18,invalid,K,R,non-aff,113483.2,8
18,invalid,K,R,non-aff,280673.3,7
18,invalid,K,R,non-aff,289121.2,6
18,invalid,K,L,non-aff,78851.6,6
18,valid,S,R,aff,88699.5,4
18,valid,S,R,aff,257081.6,7
18,valid,S,R,aff,265449.5,6
18,valid,S,L,aff,16732.3,9
18,valid,S,L,aff,274817.3,9
18,valid,L,R,aff,168898.6,5
18,valid,L,R,aff,175634.5,3
18,valid,L,R,aff,288721.2,3
18,valid,L,L,aff,49555.9,5
18,valid,L,L,aff,218618,3
18,valid,S,R,non-aff,136298.9,3
18,valid,S,L,non-aff,24572.2,6
18,valid,S,L,non-aff,129315,1
18,valid,S,L,non-aff,226169.9,7
18,valid,L,R,non-aff,242321.7,2
18,valid,L,R,non-aff,249257.6,3
18,valid,L,L,non-aff,97115.4,6
18,valid,L,L,non-aff,105579.3,6
18,invalid,S,R,aff,160098.6,9
18,invalid,S,R,aff,234257.8,4
18,invalid,S,L,aff,73539.6,8
18,invalid,S,L,aff,144090.8,6
18,invalid,S,L,aff,201858.2,8
18,invalid,L,R,aff,57763.8,5
18,invalid,L,R,aff,281737.3,3
18,invalid,L,L,aff,81315.5,3
18,invalid,L,L,aff,112891.2,3
18,invalid,L,L,aff,151706.7,4
18,invalid,S,R,non-aff,40844,7
18,invalid,S,R,non-aff,65579.7,5
18,invalid,S,R,non-aff,191530.3,6
18,invalid,S,L,non-aff,209554.1,2
18,invalid,L,R,non-aff,32348.1,7
18,invalid,L,R,non-aff,121027.1,2
18,invalid,L,L,non-aff,8348.4,4
18,invalid,L,L,non-aff,183794.4,3
19,valid,G,R,aff,87461.1,3
19,valid,G,R,aff,150348.1,4
19,valid,G,L,aff,9790.3,4
19,valid,G,L,aff,55021.6,6
19,valid,G,L,aff,243338.7,6
19,valid,K,R,aff,173275.8,6
19,valid,K,R,aff,235778.9,4
19,valid,K,L,aff,118020.6,7
19,valid,K,L,aff,272114.3,5
19,valid,K,L,aff,279322.2,4
19,valid,G,R,non-aff,165803.9,3
19,valid,G,R,non-aff,196075.5,5
19,valid,G,L,non-aff,78517.2,4
19,valid,G,L,non-aff,125324.5,3
19,valid,K,R,non-aff,188443.6,5
19,valid,K,R,non-aff,204443.3,8
19,valid,K,R,non-aff,265050.4,6
19,valid,K,L,non-aff,71293.3,8
19,invalid,G,R,aff,32101.9,3
19,invalid,G,R,aff,102684.9,6
19,invalid,G,R,aff,142452.3,6
19,invalid,G,R,aff,212043.2,5
19,invalid,G,L,aff,46981.7,4
19,invalid,K,R,aff,17406.2,7
19,invalid,K,L,aff,61965.5,4
19,invalid,K,L,aff,158660,6
19,invalid,K,L,aff,181235.7,6
19,invalid,K,L,aff,257498.5,4
19,invalid,G,R,non-aff,24606,3
19,invalid,G,L,non-aff,39509.8,5
19,invalid,G,L,non-aff,95053,3
19,invalid,G,L,non-aff,134468.4,5
19,invalid,K,R,non-aff,110420.7,5
19,invalid,K,R,non-aff,220659.1,9
19,invalid,K,R,non-aff,228779,8
19,invalid,K,L,non-aff,250522.6,6
19,valid,S,R,aff,192107.5,6
19,valid,S,L,aff,108964.8,7
19,valid,S,L,aff,208963.3,7
19,valid,S,L,aff,247890.7,3
19,valid,S,L,aff,265242.4,8
19,valid,L,R,aff,17918.1,3
19,valid,L,R,aff,132932.4,4
19,valid,L,R,aff,200083.4,4
19,valid,L,L,aff,272370.3,4
19,valid,L,L,aff,285978.1,3
19,valid,S,R,non-aff,69173.4,6
19,valid,S,R,non-aff,76645.3,5
19,valid,S,R,non-aff,140996.3,7
19,valid,S,L,non-aff,256034.6,8
19,valid,L,R,non-aff,9998.3,5
19,valid,L,R,non-aff,117644.6,6
19,valid,L,L,non-aff,35717.9,6
19,valid,L,L,non-aff,233786.9,6
19,invalid,S,R,aff,92901,7
19,invalid,S,R,aff,101428.9,7
19,invalid,S,R,aff,176587.7,6
19,invalid,S,L,aff,149404.2,7
19,invalid,L,R,aff,184411.6,5
19,invalid,L,R,aff,240906.8,3
19,invalid,L,L,aff,167571.9,3
19,invalid,L,L,aff,279162.2,3
19,invalid,L,L,aff,293962,4
19,invalid,S,R,non-aff,52909.6,4
19,invalid,S,L,non-aff,26190,4
19,invalid,S,L,non-aff,60869.5,7
19,invalid,S,L,non-aff,125788.5,7
19,invalid,L,R,non-aff,45597.7,6
19,invalid,L,R,non-aff,225603,4
19,invalid,L,L,non-aff,84589.1,6
19,invalid,L,L,non-aff,217883.1,4
20,valid,G,R,aff,27590,3
20,valid,G,R,aff,103828.8,3
20,valid,G,L,aff,66157.4,4
20,valid,G,L,aff,156428,3
20,valid,G,L,aff,234802.9,2
20,valid,K,R,aff,149156.1,5
20,valid,K,L,aff,35453.8,6
20,valid,K,L,aff,141564.3,7
20,valid,K,L,aff,164531.9,7
20,valid,K,L,aff,249378.6,5
20,valid,G,R,non-aff,171203.8,2
20,valid,G,R,non-aff,185651.6,2
20,valid,G,L,non-aff,73989.3,2
20,valid,G,L,non-aff,220635.1,2
20,valid,K,R,non-aff,178875.7,8
20,valid,K,R,non-aff,193003.5,5
20,valid,K,R,non-aff,241842.8,6
20,invalid,G,R,aff,81701.1,2
20,invalid,G,R,aff,118076.6,3
20,invalid,G,R,aff,271274.3,3
20,invalid,G,L,aff,200019.4,3
20,invalid,G,L,aff,214187.2,3
20,invalid,K,R,aff,10262.2,8
20,invalid,K,R,aff,43453.7,6
20,invalid,K,L,aff,59237.5,6
20,invalid,K,L,aff,207491.3,6
20,invalid,K,L,aff,256786.5,5
20,invalid,G,R,non-aff,89253,2
20,invalid,G,R,non-aff,133132.4,2
20,invalid,G,L,non-aff,110620.7,2
20,invalid,G,L,non-aff,126300.5,2
20,invalid,K,R,non-aff,18390.1,5
20,invalid,K,R,non-aff,228090.9,7
20,invalid,K,L,non-aff,51885.6,4
20,invalid,K,L,non-aff,264178.4,5
20,valid,S,R,aff,49573.7,9
20,valid,S,R,aff,177219.7,8
20,valid,S,R,aff,235666.9,9
20,valid,S,L,aff,220091.1,2
20,valid,S,L,aff,244178.7,3
20,valid,L,R,aff,17182.2,4
20,valid,L,R,aff,115500.7,8
20,valid,L,R,aff,157932.1,1
20,valid,L,R,aff,251626.6,5
20,valid,L,L,aff,57637.5,5
20,valid,S,L,non-aff,9526.3,9
20,valid,S,L,non-aff,75925.3,2
20,valid,S,L,non-aff,259466.5,2
20,valid,L,R,non-aff,141788.3,5
20,valid,L,L,non-aff,32085.9,3
20,valid,L,L,non-aff,228147,6
20,valid,L,L,non-aff,303457.8,5
20,invalid,S,R,aff,133028.4,9
20,invalid,S,R,aff,195179.5,2
20,invalid,S,R,aff,271242.3,4
20,invalid,S,L,aff,280658.2,8
20,invalid,L,R,aff,107068.8,5
20,invalid,L,R,aff,288026.1,5
20,invalid,L,L,aff,91717,5
20,invalid,L,L,aff,123148.6,1
20,invalid,L,L,aff,150812.1,7
20,invalid,S,R,non-aff,99228.9,2
20,invalid,S,R,non-aff,202179.4,1
20,invalid,S,L,non-aff,40261.8,2
20,invalid,S,L,non-aff,212027.2,9
20,invalid,L,R,non-aff,83741.1,3
20,invalid,L,R,non-aff,186307.6,5
20,invalid,L,L,non-aff,24406,5
20,invalid,L,L,non-aff,295841.9,5
21,valid,G,R,aff,108988.7,4
21,valid,G,R,aff,157204.1,1
21,valid,G,R,aff,284930.1,1
21,valid,G,L,aff,54877.6,1
21,valid,G,L,aff,141916.3,1
21,valid,K,R,aff,93981,5
21,valid,K,R,aff,253674.6,9
21,valid,K,R,aff,261906.4,7
21,valid,K,L,aff,101412.9,5
21,valid,K,L,aff,134116.4,7
21,valid,G,R,non-aff,181451.7,3
21,valid,G,L,non-aff,16046.1,3
21,valid,G,L,non-aff,48261.7,2
21,valid,G,L,non-aff,163467.9,1
21,valid,K,R,non-aff,64125.4,7
21,valid,K,R,non-aff,171835.8,5
21,valid,K,L,non-aff,39909.8,8
21,valid,K,L,non-aff,118812.6,8
21,invalid,G,R,aff,8822.3,1
21,invalid,G,R,aff,79045.2,1
21,invalid,G,R,aff,188019.6,1
21,invalid,G,R,aff,211739.2,1
21,invalid,G,L,aff,31541.9,3
21,invalid,K,R,aff,245610.7,7
21,invalid,K,R,aff,277938.2,9
21,invalid,K,L,aff,24054,6
21,invalid,K,L,aff,86469.1,5
21,invalid,K,L,aff,220107.1,6
21,invalid,G,R,non-aff,227435,2
21,invalid,G,L,non-aff,125788.5,1
21,invalid,G,L,non-aff,150364.1,3
21,invalid,G,L,non-aff,268866.3,4
21,invalid,K,R,non-aff,204539.3,8
21,invalid,K,R,non-aff,236178.8,7
21,invalid,K,L,non-aff,72637.3,6
21,invalid,K,L,non-aff,196451.4,5
21,valid,S,R,aff,20894.1,7
21,valid,S,R,aff,78173.2,6
21,valid,S,R,aff,206763.3,7
21,valid,S,R,aff,293746,6
21,valid,S,L,aff,159076,6
21,valid,L,R,aff,37861.8,2
21,valid,L,R,aff,262186.5,4
21,valid,L,R,aff,277002.2,4
21,valid,L,L,aff,61949.5,4
21,valid,L,L,aff,239178.8,5
21,valid,S,L,non-aff,29958,8
21,valid,S,L,non-aff,101380.9,8
21,valid,S,L,non-aff,132332.4,7
21,valid,S,L,non-aff,269818.3,5
21,valid,L,R,non-aff,46125.7,4
21,valid,L,R,non-aff,167075.9,5
21,valid,L,L,non-aff,116468.6,3
21,valid,L,L,non-aff,284618.1,4
21,invalid,S,R,aff,11590.2,5
21,invalid,S,R,aff,141268.3,7
21,invalid,S,R,aff,214763.2,7
21,invalid,S,L,aff,197675.4,5
21,invalid,S,L,aff,254898.6,6
21,invalid,L,L,aff,85277.1,2
21,invalid,L,L,aff,123732.5,3
21,invalid,L,L,aff,182347.7,4
21,invalid,L,L,aff,222971,6
21,invalid,L,L,aff,246690.7,4
21,invalid,S,R,non-aff,69501.4,3
21,invalid,S,R,non-aff,150892.1,8
21,invalid,S,L,non-aff,190347.5,7
21,invalid,S,L,non-aff,231202.9,8
21,invalid,L,R,non-aff,53757.6,2
21,invalid,L,R,non-aff,93253,3
21,invalid,L,R,non-aff,109628.8,6
21,invalid,L,R,non-aff,174531.8,4
22,valid,G,R,aff,54500.3,6
22,valid,G,R,aff,310809.3,4
22,valid,G,L,aff,190018.7,7
22,valid,G,L,aff,235282.2,3
22,valid,G,L,aff,278537.7,8
22,valid,K,R,aff,42228.4,6
22,valid,K,R,aff,210234.5,2
22,valid,K,L,aff,104811.7,7
22,valid,K,L,aff,201738.6,6
22,valid,K,L,aff,320225.3,5
22,valid,G,R,non-aff,226826.3,6
22,valid,G,R,non-aff,260226,6
22,valid,G,L,non-aff,166387,6
22,valid,G,L,non-aff,302729.5,7
22,valid,K,R,non-aff,29124.6,7
22,valid,K,R,non-aff,74564,8
22,valid,K,L,non-aff,294769.6,4
22,invalid,G,R,aff,116307.6,7
22,invalid,G,R,aff,157387.1,7
22,invalid,G,R,aff,218522.4,3
22,invalid,G,L,aff,242874.1,5
22,invalid,K,R,aff,64516.1,7
22,invalid,K,R,aff,145707.2,6
22,invalid,K,L,aff,15444.7,7
22,invalid,K,L,aff,84787.9,3
22,invalid,K,L,aff,93443.8,3
22,invalid,G,R,non-aff,125571.5,6
22,invalid,G,R,non-aff,286705.6,6
22,invalid,G,L,non-aff,180066.8,6
22,invalid,G,L,non-aff,269105.8,7
22,invalid,K,R,non-aff,341409,1
22,invalid,K,R,non-aff,360168.8,7
22,invalid,K,L,non-aff,137187.3,5
22,invalid,K,L,non-aff,331681.1,7
22,valid,S,R,aff,114499.6,4
22,valid,S,R,aff,139483.3,6
22,valid,S,L,aff,107763.7,6
22,valid,S,L,aff,147427.2,7
22,valid,S,L,aff,210314.5,7
22,valid,L,R,aff,82371.9,7
22,valid,L,R,aff,131315.4,5
22,valid,L,R,aff,242674.1,2
22,valid,L,L,aff,155547.1,5
22,valid,S,R,non-aff,260673.9,4
22,valid,S,R,non-aff,305481.4,6
22,valid,S,L,non-aff,164675,7
22,valid,S,L,non-aff,225626.3,5
22,valid,L,R,non-aff,276721.8,5
22,valid,L,R,non-aff,291721.6,6
22,valid,L,L,non-aff,41820.4,5
22,valid,L,L,non-aff,53012.3,8
22,invalid,S,R,aff,62876.2,5
22,invalid,S,R,aff,100131.7,6
22,invalid,S,R,aff,217866.4,6
22,invalid,S,L,aff,30620.5,3
22,invalid,S,L,aff,267721.9,6
22,invalid,L,R,aff,73204,7
22,invalid,L,R,aff,123259.5,5
22,invalid,L,R,aff,315441.3,1
22,invalid,L,L,aff,91395.8,3
22,invalid,L,L,aff,234442.2,4
22,invalid,S,R,non-aff,172610.9,4
22,invalid,S,R,non-aff,180082.8,5
22,invalid,S,L,non-aff,10492.8,7
22,invalid,S,L,non-aff,249754.1,5
22,invalid,L,R,non-aff,19980.6,8
22,invalid,L,L,non-aff,188578.7,5
22,invalid,L,L,non-aff,284417.7,5
22,invalid,L,L,non-aff,298681.5,6
23,valid,G,R,aff,110674.8,6
23,valid,G,L,aff,33571.9,6
23,valid,G,L,aff,237272.9,7
23,valid,G,L,aff,283472.2,6
23,valid,K,R,aff,140906.3,7
23,valid,K,R,aff,222905.1,8
23,valid,K,L,aff,43083.8,6
23,valid,K,L,aff,172521.8,6
23,valid,K,L,aff,203609.4,8
23,valid,G,R,non-aff,125394.5,7
23,valid,G,R,non-aff,180161.7,7
23,valid,G,L,non-aff,17572.2,7
23,valid,G,L,non-aff,148210.2,6
23,valid,K,R,non-aff,213329.2,8
23,valid,K,R,non-aff,251664.6,7
23,valid,K,R,non-aff,258936.5,6
23,valid,K,L,non-aff,133026.4,7
23,invalid,G,R,aff,26244,5
23,invalid,G,R,aff,84587.2,5
23,invalid,G,L,aff,10204.3,6
23,invalid,G,L,aff,291144,6
23,invalid,K,R,aff,66971.4,6
23,invalid,K,R,aff,118146.7,6
23,invalid,K,L,aff,93563,6
23,invalid,K,L,aff,194897.5,5
23,invalid,K,L,aff,244192.8,6
23,invalid,G,R,non-aff,155482.1,6
23,invalid,G,R,non-aff,266080.4,6
23,invalid,G,L,non-aff,164273.9,6
23,invalid,G,L,non-aff,187729.6,5
23,invalid,K,R,non-aff,76403.3,5
23,invalid,K,R,non-aff,102506.9,6
23,invalid,K,L,non-aff,51251.7,5
23,invalid,K,L,non-aff,273144.3,6
23,valid,S,R,aff,187081.6,8
23,valid,S,R,aff,225705,6
23,valid,S,L,aff,54259.6,4
23,valid,S,L,aff,70507.4,8
23,valid,S,L,aff,126186.5,6
23,valid,L,R,aff,140786.3,6
23,valid,L,R,aff,195897.5,5
23,valid,L,R,aff,203417.4,6
23,valid,L,L,aff,148074.2,7
23,valid,L,L,aff,179137.7,7
23,valid,S,R,non-aff,10692.3,6
23,valid,S,R,non-aff,171993.8,8
23,valid,S,L,non-aff,156178.1,6
23,valid,S,L,non-aff,218865.1,7
23,valid,L,R,non-aff,110330.8,7
23,valid,L,R,non-aff,239648.8,7
23,valid,L,L,non-aff,232792.9,7
23,valid,L,L,non-aff,264168.5,7
23,invalid,S,R,aff,62667.5,7
23,invalid,S,R,aff,94387,5
23,invalid,S,R,aff,118962.7,4
23,invalid,S,L,aff,28988,6
23,invalid,S,L,aff,272744.3,6
23,invalid,L,R,aff,86875.1,4
23,invalid,L,R,aff,211233.3,6
23,invalid,L,L,aff,19620.2,7
23,invalid,L,L,aff,288128.1,6
23,invalid,S,R,non-aff,101738.9,6
23,invalid,S,R,non-aff,254880.6,6
23,invalid,S,L,non-aff,164242,5
23,invalid,S,L,non-aff,280520.2,5
23,invalid,L,L,non-aff,37131.9,4
23,invalid,L,L,non-aff,133066.4,5
23,invalid,L,L,non-aff,247264.7,6
24,valid,G,R,aff,155607,4
24,valid,G,L,aff,56929.2,5
24,valid,G,L,aff,226349.4,4
24,valid,G,L,aff,241333,5
24,valid,G,L,aff,292987.8,8
24,valid,K,R,aff,67545,5
24,valid,K,R,aff,204205.9,4
24,valid,K,L,aff,83528.6,6
24,valid,K,L,aff,196574,6
24,valid,K,L,aff,271860.3,9
24,valid,G,R,non-aff,13674.2,4
24,valid,G,R,non-aff,114127.9,4
24,valid,G,R,non-aff,181422.4,1
24,valid,G,L,non-aff,233717.2,6
24,valid,K,R,non-aff,189222.2,9
24,valid,K,R,non-aff,255332.7,1
24,valid,K,R,non-aff,301891.7,5
24,valid,K,L,non-aff,318707.3,9
24,invalid,G,R,aff,141751.3,6
24,invalid,G,R,aff,218781.6,7
24,invalid,G,L,aff,123623.7,5
24,invalid,G,L,aff,211733.7,6
24,invalid,G,L,aff,262860.5,5
24,invalid,K,R,aff,23577.9,9
24,invalid,K,L,aff,45441.5,6
24,invalid,K,L,aff,104944.1,6
24,invalid,K,L,aff,163078.8,6
24,invalid,K,L,aff,248476.9,3
24,invalid,G,R,non-aff,75504.8,4
24,invalid,G,R,non-aff,132767.5,7
24,invalid,G,R,non-aff,148567.1,2
24,invalid,G,L,non-aff,173382.6,4
24,invalid,K,R,non-aff,33721.7,9
24,invalid,K,R,non-aff,94368.3,9
24,invalid,K,R,non-aff,283420.1,7
24,invalid,K,L,non-aff,310075.5,2
24,valid,S,R,aff,79744.7,2
24,valid,S,R,aff,189654.2,2
24,valid,S,R,aff,276460.3,2
24,valid,S,L,aff,111976,8
24,valid,S,L,aff,203797.9,1
24,valid,L,R,aff,38865.6,7
24,valid,L,R,aff,182654.4,3
24,valid,L,R,aff,305907.6,5
24,valid,L,L,aff,21922,7
24,valid,L,L,aff,260988.6,6
24,valid,S,R,non-aff,213797.7,8
24,valid,S,L,non-aff,129575.6,8
24,valid,S,L,non-aff,163614.8,1
24,valid,S,L,non-aff,244397,5
24,valid,L,R,non-aff,86808.5,2
24,valid,L,R,non-aff,196654.1,3
24,valid,L,L,non-aff,48585.4,6
24,valid,L,L,non-aff,94032.4,4
24,invalid,S,R,aff,72440.9,1
24,invalid,S,R,aff,236229.2,6
24,invalid,S,L,aff,155887,7
24,invalid,S,L,aff,283148.2,1
24,invalid,S,L,aff,296907.8,2
24,invalid,L,R,aff,13842.2,5
24,invalid,L,R,aff,65545,5
24,invalid,L,L,aff,56889.2,4
24,invalid,L,L,aff,101296.2,5
24,invalid,L,L,aff,137799.4,6
24,invalid,S,R,non-aff,146063.2,8
24,invalid,S,R,non-aff,269196.4,7
24,invalid,S,R,non-aff,289820,1
24,invalid,S,L,non-aff,171878.6,2
24,invalid,L,R,non-aff,30337.8,7
24,invalid,L,R,non-aff,223677.4,6
24,invalid,L,L,non-aff,120447.8,5
24,invalid,L,L,non-aff,251868.8,4
25,valid,G,R,aff,75619.3,2
25,valid,G,R,aff,233160.9,3
25,valid,G,L,aff,19612.2,1
25,valid,K,R,aff,10124.3,6
25,valid,K,R,aff,29692,3
25,valid,K,R,aff,249112.7,1
25,valid,K,L,aff,101090.9,9
25,valid,G,R,non-aff,91883.1,4
25,valid,G,R,non-aff,316367.7,1
25,valid,G,L,non-aff,40323.8,5
25,valid,G,L,non-aff,287800.1,3
25,valid,G,L,non-aff,331655.5,2
25,valid,K,R,non-aff,57883.6,3
25,valid,K,R,non-aff,136602.4,6
25,valid,K,L,non-aff,119378.6,7
25,valid,K,L,non-aff,223305.1,7
25,valid,K,L,non-aff,277208.3,9
25,invalid,G,R,aff,241320.8,2
25,invalid,G,L,aff,301983.9,1
25,invalid,G,L,aff,308863.8,1
25,invalid,K,R,aff,83475.2,1
25,invalid,K,R,aff,163226,9
25,invalid,K,R,aff,295600,8
25,invalid,K,L,aff,154154.1,4
25,invalid,G,R,non-aff,67459.4,5
25,invalid,G,R,non-aff,146706.2,3
25,invalid,G,R,non-aff,170161.9,1
25,invalid,G,R,non-aff,215337.2,2
25,invalid,G,L,non-aff,187305.6,4
25,invalid,K,R,non-aff,109538.8,9
25,invalid,K,L,non-aff,126458.5,3
25,invalid,K,L,non-aff,205257.4,8
25,invalid,K,L,non-aff,257672.6,6
25,invalid,K,L,non-aff,268736.4,7
25,valid,S,R,aff,97123,2
25,valid,S,R,aff,280352.2,1
25,valid,S,R,aff,288024.1,6
25,valid,S,L,aff,254560.6,8
25,valid,L,R,aff,70427.4,8
25,valid,L,R,aff,126346.5,9
25,valid,L,L,aff,37915.9,3
25,valid,L,L,aff,59547.5,4
25,valid,S,R,non-aff,175129.8,1
25,valid,S,L,non-aff,50363.7,7
25,valid,S,L,non-aff,237416.9,1
25,valid,S,L,non-aff,273088.3,5
25,valid,S,L,non-aff,311959.8,1
25,valid,L,R,non-aff,88963.1,2
25,valid,L,R,non-aff,134802.4,9
25,valid,L,R,non-aff,262376.5,2
25,valid,L,L,non-aff,168129.9,4
25,valid,L,L,non-aff,297367.9,4
25,invalid,S,L,aff,106738.8,9
25,invalid,S,L,aff,183657.7,2
25,invalid,S,L,aff,192433.5,7
25,invalid,L,R,aff,150514.2,2
25,invalid,L,R,aff,221353.1,9
25,invalid,L,L,aff,116882.7,7
25,invalid,L,L,aff,229209,3
25,invalid,S,R,non-aff,27916,1
25,invalid,S,R,non-aff,80595.2,8
25,invalid,S,R,non-aff,143762.3,8
25,invalid,S,R,non-aff,244776.8,1
25,invalid,S,L,non-aff,9260.3,2
25,invalid,L,R,non-aff,205537.3,2
25,invalid,L,L,non-aff,158826.1,9
25,invalid,L,L,non-aff,199113.4,2
25,invalid,L,L,non-aff,303879.9,1
26,valid,G,R,aff,53028,8
26,valid,G,R,aff,134851.1,8
26,valid,G,L,aff,256641.7,7
26,valid,G,L,aff,309665.1,7
26,valid,K,R,aff,23836.4,1
26,valid,K,R,aff,33228.3,6
26,valid,K,R,aff,83963.7,5
26,valid,K,R,aff,282561.4,7
26,valid,G,R,non-aff,273113.6,4
26,valid,G,R,non-aff,317457.1,1
26,valid,G,L,non-aff,164842.8,3
26,valid,G,L,non-aff,216026.2,2
26,valid,G,L,non-aff,264785.7,1
26,valid,K,R,non-aff,194946.4,4
26,valid,K,L,non-aff,42716.2,4
26,valid,K,L,non-aff,125315.2,9
26,valid,K,L,non-aff,203866.3,3
26,valid,K,L,non-aff,226370.1,7
26,invalid,G,R,aff,300297.3,8
26,invalid,G,R,aff,327321,8
26,invalid,G,L,aff,106931.4,9
26,invalid,G,L,aff,356056.6,6
26,invalid,K,R,aff,12492.5,9
26,invalid,K,R,aff,60108,1
26,invalid,K,L,aff,245497.9,5
26,invalid,K,L,aff,345688.7,3
26,invalid,G,R,non-aff,95147.6,3
26,invalid,G,R,non-aff,115459.4,1
26,invalid,G,R,non-aff,145523,4
26,invalid,G,L,non-aff,72939.8,8
26,invalid,G,L,non-aff,290273.3,4
26,invalid,K,R,non-aff,182394.6,3
26,invalid,K,R,non-aff,337504.8,8
26,invalid,K,L,non-aff,154666.9,2
26,invalid,K,L,non-aff,174906.7,2
26,invalid,K,L,non-aff,236538,7
26,valid,S,R,aff,210954.3,1
26,valid,S,L,aff,132851.2,7
26,valid,S,L,aff,241161.9,9
26,valid,S,L,aff,321737,8
26,valid,L,R,aff,332592.9,9
26,valid,L,L,aff,108211.4,3
26,valid,L,L,aff,158690.9,2
26,valid,L,L,aff,231242,3
26,valid,S,R,non-aff,40076.2,1
26,valid,S,R,non-aff,48812.1,7
26,valid,S,R,non-aff,178746.6,9
26,valid,S,L,non-aff,21940.4,2
26,valid,S,L,non-aff,287265.4,2
26,valid,L,R,non-aff,12124.5,7
26,valid,L,R,non-aff,30668.3,3
26,valid,L,R,non-aff,142059.1,5
26,valid,L,R,non-aff,190706.5,3
26,valid,L,L,non-aff,340408.8,5
26,invalid,S,R,aff,278737.5,7
26,invalid,S,R,aff,313201.2,1
26,invalid,S,L,aff,84395.7,9
26,invalid,S,L,aff,349824.7,9
26,invalid,L,R,aff,92011.6,3
26,invalid,L,R,aff,297465.3,3
26,invalid,L,L,aff,62571.9,5
26,invalid,L,L,aff,150730.9,8
26,invalid,S,R,non-aff,119171.3,4
26,invalid,S,R,non-aff,168946.8,7
26,invalid,S,R,non-aff,249569.8,2
26,invalid,S,L,non-aff,203242.4,1
26,invalid,S,L,non-aff,220362.2,9
26,invalid,L,R,non-aff,101051.5,5
26,invalid,L,R,non-aff,306489.2,3
26,invalid,L,L,non-aff,74043.8,8
26,invalid,L,L,non-aff,257857.7,3
26,invalid,L,L,non-aff,270673.6,6
27,valid,G,R,aff,282590.1,4
27,valid,G,L,aff,41443.5,8
27,valid,G,L,aff,97906.3,1
27,valid,G,L,aff,163000.8,2
27,valid,K,R,aff,17532.1,1
27,valid,K,L,aff,122561.7,8
27,valid,K,L,aff,189592.2,9
27,valid,G,R,non-aff,180488.4,2
27,valid,G,R,non-aff,267302.5,2
27,valid,G,R,non-aff,292877.9,7
27,valid,G,L,non-aff,9940.2,3
27,valid,G,L,non-aff,33363.7,1
27,valid,K,R,non-aff,57651.2,1
27,valid,K,R,non-aff,65347,7
27,valid,K,R,non-aff,206743.8,9
27,valid,K,L,non-aff,24915.9,1
27,valid,K,L,non-aff,49203.4,9
27,invalid,G,R,aff,215687.6,1
27,invalid,G,L,aff,130281.5,2
27,invalid,G,L,aff,147609.1,6
27,invalid,G,L,aff,250422.8,4
27,invalid,K,R,aff,106434.1,8
27,invalid,K,R,aff,198520,9
27,invalid,K,L,aff,257486.7,1
27,invalid,K,L,aff,301269.7,6
27,invalid,G,R,non-aff,172448.6,2
27,invalid,G,R,non-aff,241263,3
27,invalid,G,R,non-aff,273670.3,1
27,invalid,G,L,non-aff,80866.7,8
27,invalid,K,R,non-aff,73106.8,7
27,invalid,K,R,non-aff,138545.3,9
27,invalid,K,L,non-aff,114113.9,1
27,invalid,K,L,non-aff,223967.4,1
27,invalid,K,L,non-aff,232503.2,9
27,valid,S,L,aff,25019.9,3
27,valid,S,L,aff,49203.3,8
27,valid,S,L,aff,114265.9,6
27,valid,S,L,aff,138433.3,1
27,valid,L,R,aff,57883.1,7
27,valid,L,R,aff,132145.5,9
27,valid,L,L,aff,204807.8,1
27,valid,L,L,aff,223471.4,5
27,valid,S,R,non-aff,9708.2,3
27,valid,S,R,non-aff,94090.3,2
27,valid,S,R,non-aff,105770.1,4
27,valid,S,R,non-aff,283462,2
27,valid,S,L,non-aff,155520.9,2
27,valid,L,R,non-aff,190184.2,8
27,valid,L,R,non-aff,246734.9,9
27,valid,L,R,non-aff,255494.7,3
27,valid,L,L,non-aff,31819.7,2
27,valid,L,L,non-aff,82474.6,3
27,invalid,S,R,aff,231063.3,1
27,invalid,S,R,aff,237919.1,1
27,invalid,S,L,aff,171704.6,7
27,invalid,S,L,aff,212919.6,8
27,invalid,L,R,aff,40627.5,1
27,invalid,L,R,aff,74250.8,7
27,invalid,L,R,aff,147721.1,9
27,invalid,L,R,aff,197648,1
27,invalid,S,R,non-aff,180256.4,2
27,invalid,S,R,non-aff,262558.5,2
27,invalid,S,R,non-aff,291029.9,2
27,invalid,S,L,non-aff,65411,4
27,invalid,S,L,non-aff,163048.8,2
27,invalid,L,L,non-aff,17980,9
27,invalid,L,L,non-aff,124001.6,6
27,invalid,L,L,non-aff,271150.3,7
27,invalid,L,L,non-aff,301869.6,4
27,invalid,L,L,non-aff,310621.5,1
28,valid,G,R,aff,90842.4,6
28,valid,G,R,aff,262606.5,1
28,valid,G,L,aff,161360.8,4
28,valid,G,L,aff,237583.1,2
28,valid,K,R,aff,122865.7,6
28,valid,K,R,aff,274222.3,8
28,valid,K,R,aff,374068,5
28,valid,K,L,aff,14140.2,8
28,valid,G,R,non-aff,72490.8,4
28,valid,G,R,non-aff,339596.8,4
28,valid,G,L,non-aff,284878.1,6
28,valid,G,L,non-aff,305165.6,4
28,valid,G,L,non-aff,385211.8,7
28,valid,K,R,non-aff,81946.6,8
28,valid,K,R,non-aff,398603.5,2
28,valid,K,L,non-aff,35547.7,9
28,valid,K,L,non-aff,146521.2,7
28,valid,K,L,non-aff,247750.9,7
28,invalid,G,R,aff,46059.4,7
28,invalid,G,R,aff,100762.2,4
28,invalid,G,L,aff,211791.7,2
28,invalid,G,L,aff,327509.1,2
28,invalid,K,R,aff,25611.9,5
28,invalid,K,R,aff,351044.6,9
28,invalid,K,L,aff,135945.4,2
28,invalid,K,L,aff,227263.3,4
28,invalid,G,R,non-aff,293549.8,7
28,invalid,G,R,non-aff,410723.2,3
28,invalid,G,R,non-aff,425866.8,6
28,invalid,G,L,non-aff,59387.1,5
28,invalid,G,L,non-aff,112233.9,3
28,invalid,K,R,non-aff,197224,8
28,invalid,K,R,non-aff,363500.3,8
28,invalid,K,L,non-aff,173216.6,8
28,invalid,K,L,non-aff,187624.3,3
28,invalid,K,L,non-aff,315589.3,5
28,valid,S,R,aff,157136.9,8
28,valid,S,R,aff,249342.8,1
28,valid,S,L,aff,286238,4
28,valid,S,L,aff,360164.3,4
28,valid,L,R,aff,208239.8,7
28,valid,L,R,aff,392027.6,3
28,valid,L,L,aff,78858.7,6
28,valid,L,L,aff,348308.6,6
28,valid,S,R,non-aff,101330.2,7
28,valid,S,R,non-aff,135153.4,8
28,valid,S,L,non-aff,369924.1,5
28,valid,S,L,non-aff,417643,2
28,valid,S,L,non-aff,427194.8,7
28,valid,L,R,non-aff,28075.8,3
28,valid,L,R,non-aff,52299.3,5
28,valid,L,R,non-aff,197744,7
28,valid,L,L,non-aff,90898.4,5
28,valid,L,L,non-aff,324429.1,4
28,invalid,S,R,aff,296933.8,7
28,invalid,S,R,aff,336036.9,6
28,invalid,S,L,aff,14260.2,4
28,invalid,S,L,aff,262710.5,5
28,invalid,L,R,aff,312709.4,7
28,invalid,L,L,aff,124737.6,9
28,invalid,L,L,aff,230119.3,3
28,invalid,L,L,aff,406251.3,3
28,invalid,S,R,non-aff,38667.6,2
28,invalid,S,R,non-aff,114001.9,7
28,invalid,S,R,non-aff,173008.6,3
28,invalid,S,L,non-aff,67954.9,7
28,invalid,S,L,non-aff,218303.6,8
28,invalid,L,R,non-aff,185992.3,2
28,invalid,L,R,non-aff,274038.3,4
28,invalid,L,R,non-aff,381715.8,4
28,invalid,L,L,non-aff,145073.2,4
28,invalid,L,L,non-aff,241935,2
29,valid,G,R,aff,52323.8,9
29,valid,G,R,aff,241745.7,8
29,valid,G,L,aff,23044.2,8
29,valid,G,L,aff,212306,3
29,valid,K,R,aff,37316,7
29,valid,K,R,aff,190050.3,4
29,valid,K,L,aff,7812.4,4
29,valid,G,R,non-aff,80955.5,7
29,valid,G,R,non-aff,96251.4,5
29,valid,G,L,non-aff,29580.1,3
29,valid,G,L,non-aff,59187.8,2
29,valid,G,L,non-aff,182210.4,2
29,valid,K,R,non-aff,167530.6,7
29,valid,K,R,non-aff,174842.5,9
29,valid,K,L,non-aff,89675.4,8
29,valid,K,L,non-aff,124731,4
29,valid,K,L,non-aff,248785.6,5
29,invalid,G,R,aff,14876.3,3
29,invalid,G,R,aff,44171.9,4
29,invalid,G,L,aff,66307.7,6
29,invalid,G,L,aff,205426.1,7
29,invalid,K,R,aff,226489.9,6
29,invalid,K,R,aff,234497.8,9
29,invalid,K,L,aff,110827.2,4
29,invalid,K,L,aff,197322.2,4
29,invalid,G,R,non-aff,117955.1,3
29,invalid,G,R,non-aff,132019,4
29,invalid,G,R,non-aff,160122.6,5
29,invalid,G,L,non-aff,73027.6,2
29,invalid,G,L,non-aff,262857.4,5
29,invalid,K,R,non-aff,104275.3,9
29,invalid,K,R,non-aff,256033.5,8
29,invalid,K,L,non-aff,138938.9,5
29,invalid,K,L,non-aff,153362.7,4
29,invalid,K,L,non-aff,219202,3
29,valid,S,R,aff,17828.2,5
29,valid,S,R,aff,172306.5,6
29,valid,S,L,aff,139818.8,5
29,valid,S,L,aff,257097.5,3
29,valid,L,R,aff,77131.5,6
29,valid,L,R,aff,208562.1,4
29,valid,L,L,aff,125691,4
29,valid,L,L,aff,186802.3,5
29,valid,S,R,non-aff,165202.6,8
29,valid,S,R,non-aff,234097.8,9
29,valid,S,L,non-aff,69883.6,3
29,valid,S,L,non-aff,104075.3,5
29,valid,S,L,non-aff,156314.7,4
29,valid,L,R,non-aff,33524,3
29,valid,L,R,non-aff,50451.8,6
29,valid,L,R,non-aff,264449.4,6
29,valid,L,L,non-aff,25748.1,7
29,valid,L,L,non-aff,90299.4,2
29,invalid,S,R,aff,224633.9,7
29,invalid,S,R,aff,272497.3,6
29,invalid,S,L,aff,10380.3,5
29,invalid,S,L,aff,110971.2,4
29,invalid,L,R,aff,242345.7,2
29,invalid,L,L,aff,117891.1,3
29,invalid,L,L,aff,202090.1,7
29,invalid,L,L,aff,217146,8
29,invalid,S,R,non-aff,148578.7,7
29,invalid,S,R,non-aff,179250.4,4
29,invalid,S,L,non-aff,63283.7,3
29,invalid,S,L,non-aff,83931.5,4
29,invalid,L,R,non-aff,97171.3,3
29,invalid,L,R,non-aff,132282.9,2
29,invalid,L,R,non-aff,194210.2,4
29,invalid,L,L,non-aff,43019.9,3
29,invalid,L,L,non-aff,249753.6,4
30,valid,G,R,aff,16460.3,4
30,valid,G,R,aff,51723.9,7
30,valid,G,R,aff,188786.3,4
30,valid,G,L,aff,244393.7,6
30,valid,K,R,aff,32732.1,9
30,valid,K,R,aff,149458.8,9
30,valid,K,R,aff,268505.4,9
30,valid,K,L,aff,86251.5,9
30,valid,G,R,non-aff,24524.2,6
30,valid,G,L,non-aff,8908.4,3
30,valid,G,L,non-aff,180882.4,6
30,valid,G,L,non-aff,220386,5
30,valid,G,L,non-aff,228057.9,4
30,valid,K,R,non-aff,110691.2,5
30,valid,K,R,non-aff,132978.9,6
30,valid,K,L,non-aff,125835,4
30,valid,K,L,non-aff,157898.7,8
30,valid,K,L,non-aff,236129.8,8
30,invalid,G,R,aff,59947.8,6
30,invalid,G,R,aff,69035.7,8
30,invalid,G,R,aff,279145.3,3
30,invalid,G,L,aff,141026.9,7
30,invalid,K,R,aff,166042.6,9
30,invalid,K,R,aff,212610.1,9
30,invalid,K,R,aff,259689.5,9
30,invalid,K,L,aff,41292,9
30,invalid,G,R,non-aff,173122.5,4
30,invalid,G,R,non-aff,296225.1,3
30,invalid,G,L,non-aff,195930.2,4
30,invalid,G,L,non-aff,204338.2,8
30,invalid,G,L,non-aff,287937.2,3
30,invalid,K,R,non-aff,94339.4,9
30,invalid,K,L,non-aff,77811.6,7
30,invalid,K,L,non-aff,102811.3,7
30,invalid,K,L,non-aff,118267.1,4
30,invalid,K,L,non-aff,251705.6,4
30,valid,S,R,aff,114747.1,8
30,valid,S,L,aff,99147.3,9
30,valid,S,L,aff,177114.4,8
30,valid,S,L,aff,290089.1,7
30,valid,L,R,aff,121563,3
30,valid,L,R,aff,129362.9,6
30,valid,L,L,aff,81091.5,4
30,valid,L,L,aff,266217.4,5
30,valid,S,R,non-aff,38452,5
30,valid,S,R,non-aff,167770.5,8
30,valid,S,R,non-aff,196162.2,8
30,valid,S,L,non-aff,47875.9,7
30,valid,S,L,non-aff,106643.2,7
30,valid,L,R,non-aff,64371.7,8
30,valid,L,R,non-aff,210250,6
30,valid,L,R,non-aff,227009.8,3
30,valid,L,L,non-aff,152354.7,5
30,valid,L,L,non-aff,301033,5
30,invalid,S,R,aff,12212.3,8
30,invalid,S,R,aff,20788.2,7
30,invalid,S,R,aff,30140.1,7
30,invalid,S,L,aff,249649.6,2
30,invalid,L,R,aff,136794.8,6
30,invalid,L,R,aff,241785.7,6
30,invalid,L,L,aff,234137.8,4
30,invalid,L,L,aff,257953.5,1
30,invalid,S,R,non-aff,160090.6,6
30,invalid,S,R,non-aff,188322.3,4
30,invalid,S,L,non-aff,55555.8,5
30,invalid,S,L,non-aff,144554.8,8
30,invalid,S,L,non-aff,281393.2,7
30,invalid,L,R,non-aff,202938.1,3
30,invalid,L,R,non-aff,219945.9,2
30,invalid,L,L,non-aff,72659.6,5
30,invalid,L,L,non-aff,90795.4,9
30,invalid,L,L,non-aff,274001.3,7
31,valid,G,R,aff,145632.6,4
31,valid,G,L,aff,98569.3,2
31,valid,G,L,aff,220679.4,3
31,valid,K,R,aff,11066.6,2
31,valid,K,R,aff,70545.7,7
31,valid,K,R,aff,137144.7,6
31,valid,K,L,aff,212695.6,8
31,valid,G,R,non-aff,17426.5,1
31,valid,G,R,non-aff,24266.4,4
31,valid,G,L,non-aff,91977.4,1
31,valid,G,L,non-aff,112993.1,4
31,valid,G,L,non-aff,171648.2,4
31,valid,K,R,non-aff,163680.3,8
31,valid,K,R,non-aff,280510.5,6
31,valid,K,L,non-aff,40026.2,5
31,valid,K,L,non-aff,84769.5,2
31,valid,K,L,non-aff,266670.8,5
31,invalid,G,R,aff,237295.2,7
31,invalid,G,L,aff,78201.6,2
31,invalid,G,L,aff,178400.1,4
31,invalid,G,L,aff,228879.3,3
31,invalid,K,R,aff,46498.1,3
31,invalid,K,R,aff,54745.9,7
31,invalid,K,R,aff,259582.9,9
31,invalid,K,L,aff,195079.8,4
31,invalid,G,R,non-aff,105753.2,2
31,invalid,G,R,non-aff,154640.4,5
31,invalid,G,R,non-aff,202591.7,4
31,invalid,G,R,non-aff,272870.7,1
31,invalid,G,L,non-aff,127240.9,3
31,invalid,K,R,non-aff,120304.9,8
31,invalid,K,L,non-aff,62769.8,6
31,invalid,K,L,non-aff,187016,7
31,invalid,K,L,non-aff,244479.1,4
31,invalid,K,L,non-aff,252031,7
31,valid,S,R,aff,188759.9,4
31,valid,S,R,aff,246631,2
31,valid,S,R,aff,278550.5,5
31,valid,S,L,aff,33506.2,9
31,valid,L,R,aff,101577.2,4
31,valid,L,R,aff,138216.6,3
31,valid,L,L,aff,12458.6,7
31,valid,L,L,aff,64345.8,4
31,valid,S,R,non-aff,286494.4,6
31,valid,S,L,non-aff,53281.9,2
31,valid,S,L,non-aff,173528.1,7
31,valid,S,L,non-aff,254342.9,6
31,valid,S,L,non-aff,309902.1,1
31,valid,L,R,non-aff,120320.9,2
31,valid,L,R,non-aff,130912.8,4
31,valid,L,R,non-aff,195575.8,4
31,valid,L,L,non-aff,23378.4,6
31,valid,L,L,non-aff,302742.2,3
31,invalid,S,R,aff,113297,4
31,invalid,S,L,aff,81617.5,1
31,invalid,S,L,aff,90969.3,9
31,invalid,S,L,aff,269774.7,3
31,invalid,L,R,aff,45186,4
31,invalid,L,L,aff,213479.5,5
31,invalid,L,L,aff,239607.1,6
31,invalid,S,R,non-aff,146400.5,2
31,invalid,S,R,non-aff,154688.4,8
31,invalid,S,R,non-aff,220767.4,7
31,invalid,S,R,non-aff,230175.3,2
31,invalid,S,L,non-aff,204151.6,8
31,invalid,L,R,non-aff,74657.6,5
31,invalid,L,R,non-aff,163976.2,4
31,invalid,L,L,non-aff,181160,3
31,invalid,L,L,non-aff,263102.8,4
31,invalid,L,L,non-aff,318125.9,3
32,valid,G,R,aff,286887.8,4
32,valid,G,L,aff,235096.8,3
32,valid,G,L,aff,269640.2,3
32,valid,G,L,aff,318239.3,6
32,valid,K,R,aff,49132.3,7
32,valid,K,R,aff,108059.2,8
32,valid,K,L,aff,210217.3,8
32,valid,K,L,aff,253880.5,9
32,valid,G,R,non-aff,21284.8,5
32,valid,G,R,non-aff,178737.9,4
32,valid,G,L,non-aff,74931.8,1
32,valid,G,L,non-aff,308375.4,6
32,valid,K,R,non-aff,65460,8
32,valid,K,R,non-aff,99363.4,8
32,valid,K,R,non-aff,201561.5,5
32,valid,K,L,non-aff,150858.4,4
32,valid,K,L,non-aff,226857,9
32,invalid,G,R,aff,218097.1,6
32,invalid,G,L,aff,83171.7,2
32,invalid,G,L,aff,277880,5
32,invalid,G,L,aff,297087.7,4
32,invalid,K,R,aff,32740.6,7
32,invalid,K,R,aff,91171.5,5
32,invalid,K,L,aff,11349,6
32,invalid,K,L,aff,124282.9,6
32,invalid,G,R,non-aff,40820.5,4
32,invalid,G,R,non-aff,186329.7,5
32,invalid,G,R,non-aff,244368.6,4
32,invalid,G,R,non-aff,261104.3,2
32,invalid,G,L,non-aff,55908.2,2
32,invalid,K,R,non-aff,115995.1,7
32,invalid,K,R,non-aff,133386.7,8
32,invalid,K,L,non-aff,158594.3,3
32,invalid,K,L,non-aff,194481.6,7
32,valid,S,L,aff,46068.4,7
32,valid,S,L,aff,262464.3,7
32,valid,S,L,aff,316391.3,9
32,valid,L,R,aff,91755.5,6
32,valid,L,R,aff,281951.9,4
32,valid,L,L,aff,36988.5,4
32,valid,L,L,aff,325047.1,3
32,valid,S,R,non-aff,63948,7
32,valid,S,R,non-aff,154402.3,7
32,valid,S,R,non-aff,270912.1,8
32,valid,S,R,non-aff,298159.6,4
32,valid,S,L,non-aff,73035.9,8
32,valid,L,R,non-aff,102371.3,7
32,valid,L,R,non-aff,128906.8,6
32,valid,L,R,non-aff,171650,4
32,valid,L,L,non-aff,28636.7,4
32,valid,L,L,non-aff,119171,4
32,invalid,S,R,aff,138074.6,7
32,invalid,S,R,aff,307839.5,9
32,invalid,S,L,aff,206881.3,5
32,invalid,L,R,aff,196937.5,3
32,invalid,L,R,aff,216497.2,3
32,invalid,L,R,aff,230944.9,1
32,invalid,S,R,non-aff,19772.9,7
32,invalid,S,R,non-aff,81203.7,3
32,invalid,S,R,non-aff,290751.8,7
32,invalid,S,L,non-aff,180161.8,5
32,invalid,L,L,non-aff,10749,6
32,invalid,L,L,non-aff,55892.2,3
32,invalid,L,L,non-aff,109899.2,3
32,invalid,L,L,non-aff,144986.5,2
32,invalid,L,L,non-aff,224025.1,5
33,valid,G,R,aff,112243.2,7
33,valid,G,R,aff,175370.5,8
33,valid,G,L,aff,37820,8
33,valid,G,L,aff,183866.4,7
33,valid,K,R,aff,46451.9,2
33,valid,K,R,aff,138290.9,2
33,valid,K,R,aff,298929.1,2
33,valid,K,L,aff,241497.7,8
33,valid,G,R,non-aff,54779.8,4
33,valid,G,R,non-aff,121123.1,7
33,valid,G,L,non-aff,192946.3,8
33,valid,G,L,non-aff,207418.1,1
33,valid,G,L,non-aff,282089.3,8
33,valid,K,R,non-aff,166066.6,8
33,valid,K,R,non-aff,249153.6,2
33,valid,K,L,non-aff,66019.7,8
33,valid,K,L,non-aff,74859.6,9
33,valid,K,L,non-aff,129107.1,9
33,invalid,G,R,aff,224393.9,3
33,invalid,G,R,aff,307833,7
33,invalid,G,L,aff,200418.2,3
33,invalid,G,L,aff,232985.8,8
33,invalid,K,R,aff,82699.5,1
33,invalid,K,R,aff,90107.4,3
33,invalid,K,L,aff,156738.7,2
33,invalid,K,L,aff,265825.4,2
33,invalid,G,R,non-aff,28388.1,7
33,invalid,G,R,non-aff,97371.4,3
33,invalid,G,R,non-aff,216050,8
33,invalid,G,L,non-aff,146898.8,3
33,invalid,G,L,non-aff,258049.5,7
33,invalid,K,R,non-aff,273641.3,3
33,invalid,K,R,non-aff,291073.2,7
33,invalid,K,L,non-aff,9756.3,8
33,invalid,K,L,non-aff,18652.2,8
33,invalid,K,L,non-aff,104635.3,1
33,valid,S,R,aff,73259.6,4
33,valid,S,R,aff,266361.4,3
33,valid,S,L,aff,33740.1,3
33,valid,S,L,aff,218402,7
33,valid,L,R,aff,65011.7,7
33,valid,L,R,aff,106179.3,7
33,valid,L,L,aff,17740.3,8
33,valid,L,L,aff,49459.9,9
33,valid,S,R,non-aff,114731.2,8
33,valid,S,R,non-aff,178042.5,8
33,valid,S,L,non-aff,97355.4,1
33,valid,S,L,non-aff,162650.6,3
33,valid,S,L,non-aff,194458.3,7
33,valid,L,R,non-aff,82091.5,9
33,valid,L,R,non-aff,170394.5,8
33,valid,L,R,non-aff,209826.1,9
33,valid,L,L,non-aff,146754.8,8
33,valid,L,L,non-aff,273737.4,8
33,invalid,S,R,aff,129403,8
33,invalid,S,L,aff,25148.2,2
33,invalid,S,L,aff,121651.1,3
33,invalid,L,R,aff,259505.5,7
33,invalid,L,L,aff,9740.3,8
33,invalid,L,L,aff,186738.3,7
33,invalid,L,L,aff,202274.2,8
33,invalid,S,R,non-aff,41844,8
33,invalid,S,R,non-aff,57475.8,2
33,invalid,S,R,non-aff,234913.8,3
33,invalid,S,L,non-aff,90315.4,3
33,invalid,S,L,non-aff,136506.9,3
33,invalid,L,R,non-aff,154778.7,9
33,invalid,L,R,non-aff,227113.9,7
33,invalid,L,R,non-aff,289241.2,7
33,invalid,L,L,non-aff,243401.7,7
33,invalid,L,L,non-aff,251569.6,7
34,valid,G,R,aff,39236,2
34,valid,G,R,aff,65971.7,4
34,valid,G,L,aff,24420.2,6
34,valid,G,L,aff,257809.5,5
34,valid,K,R,aff,8196.3,2
34,valid,K,R,aff,134226.9,2
34,valid,K,R,aff,301737,8
34,valid,K,L,aff,199730.2,6
34,valid,G,R,non-aff,15276.3,5
34,valid,G,L,non-aff,191890.3,2
34,valid,G,L,non-aff,310608.9,4
34,valid,K,R,non-aff,152122.7,3
34,valid,K,R,non-aff,292441.1,6
34,valid,K,L,non-aff,104571.2,2
34,valid,K,L,non-aff,164522.6,7
34,valid,K,L,non-aff,318776.8,6
34,invalid,G,R,aff,142610.8,1
34,invalid,G,R,aff,232353.8,6
34,invalid,G,L,aff,31580.1,3
34,invalid,G,L,aff,57987.8,5
34,invalid,K,R,aff,49435.9,7
34,invalid,K,R,aff,84467.5,1
34,invalid,K,L,aff,215994,4
34,invalid,G,R,non-aff,75707.6,7
34,invalid,G,R,non-aff,171866.5,2
34,invalid,G,R,non-aff,266481.4,2
34,invalid,G,L,non-aff,249033.6,4
34,invalid,G,L,non-aff,282809.3,1
34,invalid,K,R,non-aff,125211,7
34,invalid,K,R,non-aff,241377.7,6
34,invalid,K,L,non-aff,94795.4,5
34,invalid,K,L,non-aff,113715.1,4
34,invalid,K,L,non-aff,273969.3,2
34,valid,S,R,aff,25068.1,6
34,valid,S,R,aff,32804.1,3
34,valid,S,L,aff,186514.3,4
34,valid,S,L,aff,202186.1,7
34,valid,L,R,aff,168226.5,5
34,valid,L,R,aff,244273.7,5
34,valid,L,L,aff,94691.4,5
34,valid,L,L,aff,121387.1,5
34,valid,S,R,non-aff,177290.4,7
34,valid,S,R,non-aff,227657.9,2
34,valid,S,L,non-aff,129163,2
34,valid,S,L,non-aff,262209.5,4
34,valid,S,L,non-aff,278073.3,8
34,valid,L,R,non-aff,9068.3,5
34,valid,L,R,non-aff,160714.6,6
34,valid,L,R,non-aff,293993.1,5
34,valid,L,L,non-aff,86483.5,5
34,valid,L,L,non-aff,236841.8,5
34,invalid,S,R,aff,113691.2,3
34,invalid,S,R,aff,194778.2,3
34,invalid,S,L,aff,49051.9,7
34,invalid,S,L,aff,77891.6,7
34,invalid,L,R,aff,286441.2,5
34,invalid,L,L,aff,16476.2,5
34,invalid,L,L,aff,57891.8,5
34,invalid,L,L,aff,144754.8,5
34,invalid,S,R,non-aff,66299.7,2
34,invalid,S,R,non-aff,210498.1,8
34,invalid,S,R,non-aff,302033,3
34,invalid,S,L,non-aff,41460,8
34,invalid,S,L,non-aff,252193.6,2
34,invalid,L,R,non-aff,152962.7,5
34,invalid,L,R,non-aff,220842,5
34,invalid,L,R,non-aff,269705.4,5
34,invalid,L,L,non-aff,103931.2,5
34,invalid,L,L,non-aff,136714.9,5
35,valid,G,R,aff,50146.1,2
35,valid,G,R,aff,149799.9,2
35,valid,G,R,aff,286276.8,4
35,valid,K,R,aff,8603.1,5
35,valid,K,R,aff,120680.6,8
35,valid,K,R,aff,244797.8,2
35,valid,K,L,aff,278749,9
35,valid,G,R,non-aff,220774.3,4
35,valid,G,L,non-aff,25778.7,6
35,valid,G,L,non-aff,83281.4,3
35,valid,G,L,non-aff,97345.1,1
35,valid,G,L,non-aff,228734.1,5
35,valid,K,R,non-aff,90793.2,6
35,valid,K,R,non-aff,127472.4,2
35,valid,K,L,non-aff,33162.5,2
35,valid,K,L,non-aff,188423,7
35,valid,K,L,non-aff,237549.9,6
35,invalid,G,R,aff,65681.8,1
35,invalid,G,R,aff,165863.5,5
35,invalid,G,R,aff,269269.2,8
35,invalid,G,L,aff,142512.1,3
35,invalid,K,R,aff,16898.9,7
35,invalid,K,R,aff,74889.6,9
35,invalid,K,R,aff,112488.7,4
35,invalid,K,L,aff,180191.2,6
35,invalid,G,R,non-aff,157455.7,6
35,invalid,G,R,non-aff,261141.4,7
35,invalid,G,L,non-aff,58554,8
35,invalid,G,L,non-aff,135088.2,1
35,invalid,G,L,non-aff,204670.7,4
35,invalid,K,R,non-aff,42818.3,7
35,invalid,K,L,non-aff,105104.9,8
35,invalid,K,L,non-aff,172783.4,3
35,invalid,K,L,non-aff,212958.5,6
35,invalid,K,L,non-aff,252549.6,1
35,valid,S,R,aff,49530.2,4
35,valid,S,L,aff,10915,9
35,valid,S,L,aff,166007.5,6
35,valid,S,L,aff,214014.5,3
35,valid,L,R,aff,228766.1,3
35,valid,L,R,aff,281292.9,4
35,valid,L,L,aff,19034.9,7
35,valid,L,L,aff,197742.8,6
35,valid,S,R,non-aff,26506.7,6
35,valid,S,R,non-aff,88601.3,4
35,valid,S,R,non-aff,266573.3,2
35,valid,S,L,non-aff,104152.9,5
35,valid,S,L,non-aff,259677.4,7
35,valid,L,R,non-aff,57434,7
35,valid,L,R,non-aff,96665.1,6
35,valid,L,R,non-aff,173247.4,4
35,valid,L,L,non-aff,142120.1,7
35,valid,L,L,non-aff,181535.2,6
35,invalid,S,R,aff,64457.8,4
35,invalid,S,R,aff,244197.8,6
35,invalid,S,R,aff,251573.6,3
35,invalid,S,L,aff,157839.7,8
35,invalid,L,R,aff,111240.8,5
35,invalid,L,R,aff,149511.9,3
35,invalid,L,L,aff,34426.5,2
35,invalid,L,L,aff,125648.5,4
35,invalid,S,R,non-aff,42426.3,5
35,invalid,S,R,non-aff,205414.7,2
35,invalid,S,L,non-aff,72641.7,4
35,invalid,S,L,non-aff,79705.5,3
35,invalid,S,L,non-aff,274149.1,8
35,invalid,L,R,non-aff,189495,3
35,invalid,L,R,non-aff,236510,4
35,invalid,L,L,non-aff,118032.6,3
35,invalid,L,L,non-aff,133688.3,6
35,invalid,L,L,non-aff,221030.3,1
36,valid,G,R,aff,46626.2,9
36,valid,G,R,aff,197158.8,4
36,valid,G,L,aff,28922.6,7
36,valid,G,L,aff,72609.6,2
36,valid,G,L,aff,164375.6,3
36,valid,K,R,aff,204014.7,3
36,valid,K,R,aff,232926,7
36,valid,K,L,aff,129384.4,6
36,valid,K,L,aff,146144,4
36,valid,K,L,aff,301828.5,8
36,valid,G,R,non-aff,80609.5,4
36,valid,G,R,non-aff,182951.1,2
36,valid,G,L,non-aff,251509.6,7
36,valid,K,R,non-aff,11475,6
36,valid,K,R,non-aff,102449,1
36,valid,K,R,non-aff,276517,6
36,valid,K,L,non-aff,138264.1,8
36,invalid,G,R,aff,55122,6
36,invalid,G,R,aff,110832.8,4
36,invalid,G,R,aff,223494.2,8
36,invalid,G,R,aff,260141.4,5
36,invalid,G,L,aff,96001.1,3
36,invalid,K,R,aff,20634.8,4
36,invalid,K,L,aff,174319.3,7
36,invalid,K,L,aff,190079,3
36,invalid,K,L,aff,242749.8,8
36,invalid,K,L,aff,283764.9,4
36,invalid,G,R,non-aff,64689.8,4
36,invalid,G,L,non-aff,118912.6,3
36,invalid,G,L,non-aff,211734.5,4
36,invalid,G,L,non-aff,310076.3,8
36,invalid,K,R,non-aff,37026.4,6
36,invalid,K,R,non-aff,87465.3,1
36,invalid,K,R,non-aff,268877.2,9
36,invalid,K,L,non-aff,155087.8,7
36,valid,S,R,aff,163007.6,7
36,valid,S,L,aff,17810.9,1
36,valid,S,L,aff,63489.9,8
36,valid,S,L,aff,73145.6,7
36,valid,L,R,aff,89081.3,5
36,valid,L,R,aff,106728.9,9
36,valid,L,R,aff,125320.5,3
36,valid,L,L,aff,153447.8,5
36,valid,L,L,aff,277437,7
36,valid,S,R,non-aff,98353.1,9
36,valid,S,R,non-aff,222502.3,2
36,valid,S,R,non-aff,231566.1,6
36,valid,S,L,non-aff,173319.4,8
36,valid,L,R,non-aff,181687.2,4
36,valid,L,R,non-aff,249165.7,7
36,valid,L,L,non-aff,207566.6,1
36,invalid,S,R,aff,28306.6,4
36,invalid,S,R,aff,132080.3,1
36,invalid,S,R,aff,199422.8,3
36,invalid,S,R,aff,258469.5,9
36,invalid,S,L,aff,10995,6
36,invalid,L,R,aff,191767,5
36,invalid,L,R,aff,265677.3,3
36,invalid,L,L,aff,53810.1,3
36,invalid,L,L,aff,117952.6,5
36,invalid,L,L,aff,323444,9
36,invalid,S,R,non-aff,286332.8,8
36,invalid,S,L,non-aff,45890.3,1
36,invalid,S,L,non-aff,241365.8,6
36,invalid,S,L,non-aff,304852.4,7
36,invalid,L,R,non-aff,80673.5,2
36,invalid,L,R,non-aff,140736.1,4
36,invalid,L,L,non-aff,213910.5,1
36,invalid,L,L,non-aff,312220.3,5
